6859,770787;1
6976,730337;1
7088,789888;1
7312,708989;1
7313,308989;1
7317,108989;1
7423,568539;1
7424,668539;1
7427,568539;1
7528,52809;1
7529,72809;1
7529,92809;1
7530,42809;1
7531,12809;1
7531,52809;1
7531,72809;1
7532,02809;1
7532,92809;1
7535,12809;1
7535,72809;1
7535,82809;1
7537,42809;1
7538,02809;1
7540,82809;1
7645,18764;1
7645,48764;1
7645,78764;1
7646,38764;1
7647,18764;1
7647,48764;1
7650,08764;1
7651,78764;1
7654,38764;1
7657,58764;1
7658,08764;1
7659,28764;1
7755,547191;1
7757,347191;1
7758,147191;1
7758,647191;1
7758,947191;1
7759,347191;1
7760,547191;1
7761,047191;2
7761,647191;1
7761,847191;1
7762,047191;3
7762,847191;1
7763,447191;1
7764,747191;1
7765,247191;1
7766,447191;1
7767,847191;1
7770,247191;1
7866,606742;1
7866,906742;1
7869,206742;1
7870,006742;1
7870,106742;1
7870,206742;1
7870,306742;1
7870,606742;1
7870,706742;1
7870,806742;1
7870,906742;2
7871,306742;1
7871,606742;1
7872,006742;1
7872,906742;1
7873,306742;1
7874,206742;1
7874,306742;1
7874,706742;1
7874,806742;1
7875,206742;1
7876,006742;1
7876,106742;1
7876,306742;1
7876,406742;1
7876,606742;1
7876,706742;1
7877,706742;1
7878,706742;1
7878,806742;1
7879,106742;1
7880,306742;1
7880,806742;1
7882,206742;1
7882,506742;1
7885,106742;1
7978,066292;1
7979,366292;1
7979,466292;1
7979,766292;1
7980,066292;1
7980,566292;1
7980,766292;1
7980,966292;1
7981,266292;1
7981,666292;2
7982,166292;1
7982,266292;1
7982,966292;1
7983,366292;1
7983,466292;2
7983,666292;2
7984,166292;1
7984,266292;1
7984,366292;1
7984,666292;1
7984,866292;1
7984,966292;1
7985,266292;1
7985,766292;1
7986,266292;2
7986,466292;1
7986,966292;3
7987,066292;1
7987,366292;1
7987,666292;1
7987,766292;1
7987,966292;1
7988,066292;1
7988,166292;1
7988,366292;1
7988,466292;1
7988,566292;1
7989,066292;2
7989,266292;2
7989,766292;1
7990,166292;2
7990,266292;1
7990,566292;1
7990,666292;1
7990,966292;1
7991,066292;1
7991,266292;1
7991,366292;1
7991,566292;1
7991,666292;1
7992,166292;2
7993,266292;1
7993,566292;1
7993,966292;1
7997,966292;1
8090,225843;1
8091,325843;1
8091,425843;1
8091,625843;1
8092,225843;1
8092,425843;1
8092,525843;1
8092,725843;1
8092,925843;2
8093,025843;1
8093,125843;1
8093,525843;2
8094,325843;1
8094,425843;1
8094,525843;2
8095,025843;2
8095,225843;1
8095,525843;1
8096,025843;2
8096,325843;1
8096,425843;1
8096,625843;1
8096,925843;2
8097,325843;2
8097,425843;2
8097,625843;2
8097,825843;5
8098,025843;1
8098,125843;2
8098,225843;1
8098,325843;2
8098,525843;3
8098,625843;2
8098,725843;1
8098,825843;2
8098,925843;2
8099,125843;2
8099,425843;1
8099,525843;1
8099,725843;2
8100,025843;2
8100,125843;1
8100,525843;1
8100,825843;2
8100,925843;2
8101,025843;1
8101,125843;2
8101,225843;1
8101,325843;2
8101,525843;1
8101,625843;1
8101,725843;1
8101,825843;2
8102,125843;1
8102,425843;1
8102,625843;3
8102,725843;1
8102,825843;2
8102,925843;2
8103,125843;1
8103,225843;1
8103,325843;1
8103,525843;1
8103,625843;2
8104,125843;1
8104,325843;1
8104,525843;2
8104,825843;2
8104,925843;1
8105,025843;1
8105,225843;1
8105,425843;1
8105,925843;1
8106,225843;1
8107,125843;1
8107,225843;1
8107,925843;1
8108,225843;1
8108,525843;1
8108,625843;1
8109,325843;1
8109,625843;1
8124,925843;1
8201,585393;1
8202,485393;1
8202,585393;1
8202,785393;1
8203,385393;1
8203,785393;1
8204,485393;1
8204,585393;1
8204,785393;1
8204,985393;1
8205,285393;1
8205,485393;2
8205,585393;2
8205,885393;1
8205,985393;1
8206,385393;1
8206,685393;2
8206,785393;4
8206,885393;1
8206,985393;3
8207,085393;1
8207,585393;1
8207,685393;1
8207,785393;3
8207,885393;2
8207,985393;2
8208,085393;1
8208,185393;1
8208,285393;1
8208,385393;2
8208,585393;3
8208,685393;1
8208,785393;2
8208,885393;1
8208,985393;1
8209,085393;2
8209,185393;1
8209,285393;4
8209,385393;2
8209,485393;5
8209,585393;4
8209,685393;2
8209,785393;1
8209,885393;1
8209,985393;3
8210,085393;1
8210,285393;3
8210,385393;2
8210,585393;2
8210,785393;2
8210,885393;2
8210,985393;2
8211,085393;1
8211,285393;1
8211,485393;3
8211,585393;3
8211,785393;2
8211,885393;1
8211,985393;2
8212,085393;1
8212,385393;4
8212,585393;2
8212,785393;1
8212,885393;1
8212,985393;1
8213,185393;1
8213,285393;2
8213,385393;2
8213,485393;4
8213,585393;1
8213,685393;3
8213,785393;1
8213,885393;1
8214,085393;1
8214,185393;1
8214,285393;1
8214,385393;1
8214,485393;1
8214,585393;3
8214,885393;2
8214,985393;1
8215,085393;1
8215,285393;1
8215,385393;1
8215,485393;1
8215,885393;1
8216,085393;1
8216,285393;1
8216,385393;1
8216,685393;1
8216,785393;2
8217,085393;1
8217,285393;2
8217,585393;1
8217,685393;2
8217,985393;1
8218,085393;1
8218,285393;2
8218,685393;1
8218,785393;1
8218,885393;1
8219,785393;1
8220,185393;1
8220,385393;1
8221,185393;1
8221,285393;1
8222,685393;1
8226,185393;1
8226,585393;1
8226,785393;1
8230,285393;1
8232,385393;1
8314,944944;1
8315,444944;1
8315,544944;2
8315,844944;1
8316,244944;1
8316,344944;1
8316,444944;1
8316,544944;1
8316,644944;1
8316,944944;1
8317,144944;1
8317,244944;3
8317,344944;1
8317,444944;2
8317,644944;3
8317,744944;1
8317,844944;1
8318,444944;1
8318,644944;3
8318,744944;2
8318,844944;2
8319,344944;1
8319,444944;2
8319,544944;4
8319,644944;3
8319,744944;2
8320,044944;2
8320,144944;2
8320,244944;2
8320,344944;3
8320,444944;3
8320,644944;4
8320,744944;3
8320,844944;2
8320,944944;3
8321,044944;3
8321,144944;5
8321,244944;1
8321,344944;2
8321,444944;1
8321,544944;3
8321,644944;5
8321,744944;2
8321,844944;2
8321,944944;1
8322,044944;6
8322,144944;1
8322,244944;2
8322,344944;5
8322,444944;1
8322,544944;3
8322,644944;2
8322,744944;3
8322,844944;3
8322,944944;3
8323,044944;1
8323,144944;2
8323,244944;4
8323,344944;7
8323,444944;3
8323,544944;3
8323,644944;2
8323,744944;1
8323,844944;2
8323,944944;4
8324,044944;3
8324,144944;2
8324,244944;3
8324,344944;1
8324,444944;1
8324,544944;2
8324,644944;2
8324,744944;2
8324,844944;4
8324,944944;3
8325,044944;2
8325,244944;2
8325,344944;3
8325,444944;1
8325,544944;5
8325,644944;2
8325,944944;2
8326,044944;1
8326,144944;2
8326,744944;4
8326,844944;3
8327,044944;2
8327,344944;4
8327,544944;2
8327,644944;1
8327,744944;1
8327,844944;2
8328,044944;2
8328,144944;1
8328,344944;1
8328,444944;2
8328,544944;2
8328,644944;1
8328,744944;2
8328,844944;1
8329,044944;1
8329,244944;1
8329,344944;2
8329,444944;1
8329,544944;1
8329,744944;1
8329,844944;1
8330,244944;2
8330,344944;3
8330,544944;1
8330,644944;3
8330,844944;1
8330,944944;2
8331,044944;1
8331,544944;2
8331,644944;1
8332,044944;1
8332,144944;1
8332,544944;1
8332,744944;1
8332,844944;1
8332,944944;2
8333,244944;1
8333,644944;2
8334,044944;1
8334,344944;1
8335,644944;1
8336,244944;1
8336,744944;1
8337,744944;1
8339,044944;1
8339,644944;2
8341,144944;1
8342,844944;1
8426,804494;1
8427,204494;1
8427,404494;1
8427,704494;1
8428,004494;1
8428,304494;1
8428,604494;1
8428,704494;4
8429,004494;2
8429,104494;1
8429,604494;2
8429,704494;1
8429,804494;4
8429,904494;2
8430,104494;1
8430,204494;2
8430,304494;4
8430,404494;2
8430,504494;2
8430,804494;2
8430,904494;1
8431,004494;1
8431,104494;3
8431,204494;2
8431,304494;1
8431,404494;1
8431,604494;2
8431,704494;2
8431,804494;1
8431,904494;1
8432,004494;2
8432,104494;2
8432,204494;3
8432,304494;1
8432,404494;4
8432,504494;1
8432,604494;2
8432,704494;2
8432,804494;3
8432,904494;2
8433,004494;4
8433,104494;1
8433,204494;4
8433,304494;2
8433,504494;3
8433,604494;3
8433,704494;1
8433,804494;2
8433,904494;3
8434,004494;5
8434,104494;3
8434,204494;6
8434,304494;5
8434,404494;4
8434,604494;1
8434,704494;3
8434,804494;3
8434,904494;1
8435,004494;3
8435,104494;1
8435,204494;4
8435,304494;2
8435,404494;3
8435,504494;3
8435,604494;2
8435,704494;4
8435,804494;3
8435,904494;2
8436,004494;2
8436,104494;3
8436,204494;2
8436,304494;5
8436,404494;4
8436,504494;2
8436,604494;3
8436,704494;2
8436,804494;2
8436,904494;2
8437,004494;3
8437,104494;3
8437,204494;1
8437,304494;7
8437,404494;4
8437,504494;2
8437,604494;1
8437,704494;2
8437,804494;4
8437,904494;1
8438,004494;3
8438,104494;6
8438,204494;5
8438,404494;3
8438,504494;3
8438,604494;2
8438,704494;2
8438,804494;3
8438,904494;4
8439,104494;3
8439,204494;3
8439,304494;4
8439,404494;6
8439,504494;2
8439,704494;2
8439,804494;4
8439,904494;5
8440,004494;5
8440,104494;1
8440,204494;2
8440,304494;2
8440,404494;4
8440,504494;1
8440,604494;1
8440,704494;2
8440,804494;2
8440,904494;3
8441,004494;3
8441,104494;3
8441,204494;2
8441,304494;3
8441,404494;2
8441,504494;2
8441,604494;4
8441,804494;3
8441,904494;2
8442,004494;1
8442,204494;3
8442,304494;2
8442,404494;2
8442,504494;1
8442,604494;1
8442,804494;2
8442,904494;2
8443,004494;3
8443,104494;1
8443,304494;3
8443,404494;3
8443,604494;1
8443,604494;1
8443,804494;3
8443,904494;1
8444,104494;2
8444,204494;2
8444,604494;1
8444,704494;2
8444,804494;2
8445,404494;1
8445,504494;2
8445,704494;2
8445,804494;2
8445,904494;4
8446,004494;1
8446,304494;1
8446,404494;1
8446,604494;1
8446,704494;1
8447,404494;2
8447,704494;2
8449,104494;1
8449,704494;1
8449,904494;2
8451,404494;1
8451,704494;1
8454,604494;1
8457,504494;1
8464,704494;1
8539,064045;2
8539,264045;1
8539,864045;1
8540,064045;1
8540,164045;1
8540,564045;1
8540,764045;1
8541,164045;3
8541,364045;2
8541,564045;1
8541,664045;3
8541,864045;1
8541,964045;1
8542,164045;1
8542,364045;1
8542,564045;2
8542,664045;1
8542,764045;1
8542,864045;1
8542,964045;1
8543,064045;3
8543,164045;1
8543,264045;4
8543,464045;2
8543,564045;3
8543,664045;2
8543,764045;2
8543,864045;2
8543,964045;1
8544,164045;4
8544,264045;3
8544,364045;2
8544,464045;3
8544,564045;4
8544,664045;6
8544,764045;3
8544,864045;4
8544,964045;1
8545,164045;3
8545,264045;1
8545,364045;2
8545,464045;1
8545,564045;4
8545,664045;3
8545,764045;6
8545,864045;5
8545,964045;5
8546,064045;3
8546,164045;4
8546,264045;4
8546,364045;3
8546,464045;3
8546,564045;7
8546,664045;7
8546,764045;1
8546,864045;3
8546,964045;2
8547,064045;4
8547,164045;2
8547,264045;7
8547,364045;6
8547,464045;4
8547,564045;5
8547,664045;6
8547,764045;1
8547,864045;5
8547,964045;3
8548,064045;6
8548,164045;1
8548,264045;2
8548,364045;5
8548,464045;5
8548,564045;6
8548,664045;4
8548,764045;2
8548,864045;3
8548,964045;1
8549,064045;3
8549,164045;4
8549,264045;7
8549,364045;6
8549,464045;6
8549,564045;6
8549,664045;5
8549,764045;5
8549,864045;4
8549,964045;3
8550,064045;3
8550,164045;4
8550,264045;4
8550,364045;6
8550,464045;7
8550,664045;5
8550,764045;3
8550,864045;7
8550,964045;2
8551,064045;4
8551,164045;2
8551,264045;3
8551,364045;4
8551,464045;6
8551,564045;5
8551,664045;2
8551,764045;3
8551,864045;2
8551,964045;5
8552,064045;2
8552,164045;1
8552,264045;7
8552,364045;2
8552,464045;2
8552,564045;5
8552,664045;4
8552,764045;2
8552,864045;3
8552,964045;5
8553,064045;2
8553,164045;1
8553,264045;5
8553,364045;2
8553,464045;2
8553,564045;3
8553,664045;3
8553,764045;2
8553,864045;3
8553,964045;2
8554,064045;1
8554,164045;3
8554,264045;4
8554,364045;3
8554,464045;1
8554,564045;1
8554,664045;1
8554,764045;3
8554,964045;3
8555,064045;4
8555,164045;1
8555,264045;3
8555,364045;2
8555,464045;2
8555,564045;1
8555,664045;1
8555,864045;2
8555,964045;2
8556,064045;4
8556,164045;1
8556,264045;2
8556,464045;1
8556,564045;1
8556,764045;3
8556,864045;2
8556,964045;1
8557,164045;2
8557,364045;4
8557,764045;2
8557,864045;2
8557,964045;2
8558,064045;1
8558,164045;1
8558,264045;1
8558,364045;1
8558,464045;1
8558,864045;1
8559,364045;1
8559,564045;2
8560,164045;1
8560,264045;1
8560,464045;1
8560,564045;2
8560,964045;1
8562,164045;1
8562,264045;4
8562,364045;1
8562,464045;1
8562,564045;1
8562,664045;1
8562,964045;1
8563,164045;1
8563,964045;1
8564,364045;1
8564,464045;1
8564,764045;1
8565,364045;1
8566,164045;1
8568,164045;1
8568,864045;1
8569,664045;1
8570,664045;1
8570,764045;1
8571,164045;1
8578,164045;1
8650,823596;1
8651,523596;1
8651,723596;1
8652,223596;1
8652,423596;1
8653,223596;2
8653,323596;1
8653,423596;1
8653,623596;1
8653,723596;1
8653,923596;3
8654,023596;2
8654,123596;1
8654,223596;1
8654,323596;3
8654,423596;2
8654,523596;1
8654,723596;4
8654,923596;2
8655,023596;1
8655,123596;2
8655,223596;1
8655,323596;2
8655,423596;2
8655,523596;1
8655,623596;1
8655,723596;5
8655,823596;2
8655,923596;3
8656,023596;2
8656,123596;4
8656,223596;3
8656,323596;5
8656,423596;1
8656,523596;3
8656,623596;2
8656,723596;3
8656,823596;2
8657,023596;3
8657,123596;3
8657,223596;3
8657,323596;3
8657,423596;8
8657,523596;5
8657,623596;6
8657,723596;1
8657,823596;4
8657,923596;5
8658,023596;6
8658,123596;7
8658,223596;6
8658,323596;12
8658,423596;4
8658,523596;7
8658,623596;1
8658,723596;2
8658,823596;3
8658,923596;3
8659,023596;2
8659,123596;9
8659,223596;6
8659,323596;1
8659,423596;1
8659,523596;7
8659,623596;4
8659,723596;4
8659,823596;5
8659,923596;2
8660,023596;3
8660,123596;10
8660,223596;4
8660,323596;5
8660,423596;6
8660,523596;5
8660,623596;6
8660,723596;4
8660,823596;6
8660,923596;3
8661,023596;2
8661,123596;6
8661,223596;1
8661,323596;9
8661,423596;7
8661,523596;5
8661,623596;5
8661,723596;4
8661,823596;10
8661,923596;6
8662,023596;2
8662,123596;2
8662,223596;9
8662,323596;4
8662,423596;4
8662,523596;3
8662,623596;1
8662,723596;2
8662,823596;6
8662,923596;5
8663,023596;2
8663,123596;6
8663,223596;3
8663,323596;4
8663,423596;5
8663,623596;6
8663,723596;3
8663,823596;5
8663,923596;3
8664,023596;3
8664,123596;9
8664,223596;5
8664,323596;5
8664,423596;4
8664,523596;2
8664,623596;7
8664,723596;5
8664,823596;1
8664,923596;6
8665,023596;5
8665,123596;3
8665,223596;3
8665,323596;3
8665,423596;4
8665,523596;5
8665,623596;1
8665,723596;4
8665,823596;4
8665,923596;1
8666,023596;4
8666,123596;1
8666,223596;3
8666,323596;2
8666,423596;3
8666,523596;2
8666,723596;4
8666,823596;1
8666,923596;4
8667,023596;2
8667,223596;3
8667,323596;3
8667,423596;1
8667,523596;5
8667,623596;5
8667,723596;4
8667,823596;3
8667,923596;5
8668,023596;2
8668,123596;2
8668,223596;6
8668,323596;1
8668,423596;4
8668,523596;3
8668,623596;1
8668,723596;4
8668,823596;2
8668,923596;2
8669,023596;3
8669,123596;4
8669,323596;1
8669,423596;1
8669,523596;2
8669,623596;2
8669,723596;7
8669,823596;1
8670,023596;2
8670,123596;2
8670,323596;2
8670,523596;3
8670,723596;1
8670,823596;2
8670,923596;2
8671,023596;3
8671,223596;1
8671,423596;1
8671,523596;1
8671,823596;2
8671,923596;1
8672,123596;2
8672,323596;1
8672,423596;2
8672,523596;1
8672,723596;1
8672,823596;1
8672,923596;1
8673,023596;1
8673,123596;1
8673,223596;2
8673,423596;1
8673,623596;2
8673,723596;1
8674,323596;1
8674,823596;1
8675,323596;1
8675,423596;1
8675,523596;1
8675,823596;3
8676,023596;1
8676,623596;1
8677,023596;1
8677,123596;1
8677,523596;1
8678,423596;1
8678,623596;1
8679,323596;1
8679,923596;2
8680,023596;1
8680,223596;1
8680,723596;1
8681,223596;1
8681,723596;1
8682,023596;1
8682,323596;1
8683,123596;1
8763,883146;1
8764,183146;1
8764,583146;1
8764,683146;2
8764,983146;1
8765,083146;1
8765,183146;2
8765,283146;1
8765,483146;3
8765,583146;1
8765,683146;1
8766,083146;2
8766,183146;2
8766,283146;2
8766,483146;1
8766,683146;1
8766,783146;1
8766,883146;2
8767,183146;1
8767,283146;2
8767,383146;1
8767,483146;3
8767,583146;3
8767,683146;3
8767,883146;1
8767,983146;3
8768,083146;3
8768,183146;3
8768,283146;2
8768,383146;4
8768,483146;3
8768,583146;4
8768,783146;5
8768,883146;3
8768,983146;5
8769,083146;4
8769,183146;4
8769,283146;6
8769,383146;2
8769,483146;5
8769,583146;1
8769,683146;5
8769,783146;5
8769,883146;3
8769,983146;2
8770,083146;5
8770,183146;3
8770,283146;5
8770,383146;9
8770,483146;8
8770,583146;3
8770,683146;7
8770,783146;4
8770,883146;1
8770,983146;3
8771,083146;1
8771,183146;5
8771,283146;3
8771,383146;3
8771,483146;9
8771,583146;4
8771,683146;5
8771,783146;5
8771,883146;11
8771,983146;12
8772,083146;5
8772,183146;6
8772,283146;2
8772,383146;9
8772,483146;4
8772,583146;8
8772,683146;3
8772,783146;6
8772,883146;6
8772,983146;7
8773,083146;8
8773,183146;6
8773,283146;7
8773,383146;8
8773,483146;7
8773,583146;8
8773,683146;6
8773,783146;2
8773,883146;7
8773,983146;6
8774,083146;13
8774,183146;4
8774,283146;9
8774,383146;8
8774,483146;8
8774,583146;5
8774,683146;4
8774,783146;4
8774,883146;3
8774,983146;6
8775,083146;12
8775,183146;4
8775,283146;8
8775,383146;5
8775,483146;7
8775,583146;6
8775,683146;8
8775,783146;8
8775,883146;4
8775,983146;5
8776,083146;3
8776,183146;7
8776,283146;6
8776,383146;5
8776,483146;3
8776,583146;5
8776,683146;8
8776,783146;6
8776,883146;10
8776,983146;13
8777,083146;4
8777,183146;7
8777,283146;7
8777,383146;5
8777,483146;7
8777,583146;5
8777,683146;7
8777,783146;6
8777,883146;8
8777,983146;6
8778,083146;1
8778,183146;6
8778,283146;5
8778,383146;4
8778,483146;7
8778,583146;5
8778,683146;4
8778,783146;5
8778,883146;4
8778,983146;6
8779,083146;2
8779,183146;2
8779,283146;5
8779,383146;3
8779,483146;5
8779,583146;3
8779,683146;1
8779,783146;4
8779,883146;4
8779,983146;1
8780,083146;2
8780,183146;2
8780,283146;1
8780,383146;4
8780,483146;2
8780,583146;5
8780,683146;4
8780,783146;3
8780,883146;3
8780,983146;1
8781,083146;1
8781,183146;2
8781,283146;2
8781,383146;2
8781,483146;1
8781,583146;1
8781,683146;2
8781,783146;2
8781,883146;2
8781,983146;3
8782,083146;1
8782,183146;1
8782,283146;1
8782,383146;4
8782,483146;5
8782,583146;2
8782,683146;1
8782,783146;2
8782,983146;2
8783,083146;3
8783,183146;1
8783,283146;4
8783,383146;1
8783,483146;6
8783,583146;2
8783,683146;3
8783,783146;4
8783,883146;3
8783,983146;3
8784,083146;3
8784,183146;3
8784,283146;3
8784,383146;2
8784,483146;2
8784,583146;1
8784,683146;2
8784,783146;5
8784,883146;3
8784,983146;2
8785,083146;3
8785,183146;2
8785,283146;1
8785,683146;1
8785,783146;2
8785,883146;2
8786,083146;1
8786,183146;3
8786,283146;1
8786,383146;1
8786,483146;1
8786,583146;1
8786,683146;1
8786,883146;2
8787,083146;2
8787,383146;1
8787,483146;1
8787,583146;1
8787,683146;1
8787,883146;1
8787,983146;1
8788,183146;1
8788,283146;2
8788,583146;1
8788,783146;1
8788,883146;1
8788,983146;1
8789,383146;1
8789,583146;1
8790,183146;1
8790,483146;1
8790,783146;1
8791,183146;2
8791,383146;1
8791,483146;1
8792,083146;1
8792,283146;1
8792,383146;1
8792,483146;1
8793,283146;1
8793,483146;1
8793,683146;1
8793,883146;1
8794,383146;1
8794,783146;1
8794,883146;1
8794,983146;1
8795,883146;1
8796,183146;1
8796,483146;2
8800,483146;1
8800,583146;1
8804,883146;1
8875,542697;1
8876,342697;1
8876,642697;1
8876,742697;1
8876,842697;1
8877,442697;1
8877,542697;3
8877,642697;2
8877,842697;1
8878,042697;2
8878,142697;2
8878,342697;2
8878,542697;1
8878,642697;2
8878,742697;1
8878,842697;2
8878,942697;5
8879,042697;2
8879,342697;2
8879,542697;2
8879,642697;1
8879,742697;1
8879,842697;4
8879,942697;1
8880,042697;3
8880,142697;3
8880,242697;1
8880,342697;5
8880,442697;5
8880,542697;5
8880,642697;4
8880,742697;3
8880,842697;6
8880,942697;4
8881,042697;1
8881,142697;1
8881,242697;3
8881,342697;2
8881,442697;5
8881,542697;5
8881,642697;3
8881,742697;2
8881,842697;2
8881,942697;4
8882,042697;5
8882,142697;8
8882,242697;4
8882,342697;5
8882,442697;4
8882,642697;3
8882,742697;4
8882,842697;6
8882,942697;5
8883,042697;5
8883,142697;12
8883,242697;7
8883,342697;4
8883,442697;4
8883,542697;5
8883,642697;3
8883,742697;7
8883,842697;9
8883,942697;7
8884,042697;7
8884,142697;7
8884,242697;9
8884,342697;6
8884,442697;5
8884,542697;10
8884,642697;3
8884,742697;6
8884,842697;6
8884,942697;8
8885,042697;13
8885,142697;4
8885,242697;10
8885,342697;12
8885,442697;7
8885,542697;8
8885,642697;13
8885,742697;3
8885,842697;8
8885,942697;6
8886,042697;14
8886,142697;6
8886,242697;7
8886,342697;7
8886,442697;13
8886,542697;7
8886,642697;6
8886,742697;6
8886,842697;7
8886,942697;6
8887,042697;7
8887,142697;10
8887,242697;5
8887,342697;7
8887,442697;10
8887,542697;7
8887,642697;8
8887,742697;6
8887,842697;7
8887,942697;6
8888,042697;8
8888,142697;7
8888,242697;8
8888,342697;7
8888,442697;12
8888,542697;6
8888,642697;4
8888,742697;4
8888,842697;4
8888,942697;7
8889,042697;8
8889,142697;4
8889,242697;5
8889,342697;8
8889,442697;5
8889,542697;2
8889,642697;3
8889,742697;4
8889,842697;7
8889,942697;4
8890,042697;6
8890,142697;6
8890,242697;9
8890,342697;5
8890,442697;3
8890,542697;6
8890,642697;5
8890,742697;4
8890,842697;6
8890,942697;6
8891,042697;8
8891,142697;8
8891,242697;7
8891,342697;2
8891,442697;9
8891,542697;4
8891,642697;3
8891,742697;4
8891,842697;4
8891,942697;7
8892,042697;1
8892,142697;1
8892,242697;10
8892,342697;6
8892,442697;7
8892,542697;4
8892,642697;2
8892,742697;5
8892,842697;3
8892,942697;2
8893,042697;3
8893,142697;6
8893,242697;4
8893,342697;4
8893,442697;9
8893,542697;1
8893,642697;2
8893,742697;5
8893,842697;4
8893,942697;6
8894,042697;6
8894,142697;1
8894,242697;5
8894,342697;4
8894,442697;3
8894,542697;3
8894,642697;4
8894,742697;1
8894,842697;1
8894,942697;4
8895,042697;3
8895,142697;3
8895,242697;2
8895,342697;2
8895,442697;3
8895,542697;4
8895,642697;6
8895,742697;1
8895,842697;4
8896,042697;1
8896,242697;4
8896,442697;3
8896,542697;3
8896,642697;1
8896,742697;2
8896,842697;2
8896,942697;4
8897,042697;3
8897,142697;3
8897,242697;3
8897,342697;2
8897,442697;1
8897,542697;5
8897,642697;2
8897,742697;3
8897,842697;1
8897,942697;3
8898,142697;2
8898,242697;3
8898,342697;3
8898,542697;4
8898,642697;2
8898,842697;1
8898,942697;1
8899,042697;4
8899,142697;2
8899,242697;1
8899,342697;1
8899,442697;3
8899,842697;2
8899,942697;1
8900,242697;1
8900,342697;1
8900,442697;2
8900,742697;1
8900,842697;1
8901,042697;1
8901,242697;1
8901,342697;1
8901,742697;2
8901,842697;2
8902,142697;2
8902,242697;3
8902,842697;1
8902,942697;1
8903,242697;1
8903,642697;1
8903,942697;2
8904,042697;1
8904,142697;1
8904,442697;2
8904,542697;1
8904,942697;1
8905,042697;1
8905,342697;1
8905,642697;1
8905,942697;1
8906,042697;1
8906,242697;1
8906,342697;1
8906,442697;1
8907,042697;1
8907,542697;1
8907,942697;2
8909,242697;1
8910,142697;1
8910,442697;1
8910,642697;1
8911,342697;1
8912,542697;1
8915,042697;1
8915,842697;1
8918,642697;1
8919,542697;1
8987,502247;1
8988,102247;1
8988,502247;1
8989,202247;1
8989,602247;3
8989,802247;2
8990,202247;1
8990,802247;1
8990,902247;2
8991,202247;1
8991,302247;3
8991,402247;3
8991,502247;1
8991,702247;7
8991,802247;1
8991,902247;3
8992,002247;3
8992,102247;2
8992,202247;1
8992,402247;2
8992,502247;3
8992,602247;2
8992,702247;1
8992,802247;1
8992,902247;4
8993,002247;4
8993,102247;3
8993,202247;1
8993,302247;2
8993,402247;6
8993,502247;2
8993,602247;4
8993,702247;4
8993,802247;4
8993,902247;3
8994,002247;3
8994,102247;3
8994,202247;3
8994,302247;4
8994,402247;5
8994,502247;5
8994,602247;3
8994,702247;9
8994,802247;7
8994,902247;3
8995,002247;8
8995,102247;5
8995,202247;2
8995,302247;5
8995,402247;2
8995,502247;10
8995,602247;9
8995,702247;7
8995,802247;4
8995,902247;6
8996,002247;7
8996,102247;3
8996,202247;6
8996,302247;11
8996,402247;6
8996,502247;6
8996,602247;6
8996,702247;7
8996,802247;7
8996,902247;6
8997,002247;8
8997,102247;11
8997,202247;14
8997,302247;2
8997,402247;2
8997,502247;7
8997,602247;10
8997,702247;5
8997,802247;7
8997,902247;6
8998,002247;4
8998,102247;2
8998,202247;8
8998,302247;2
8998,402247;7
8998,502247;6
8998,602247;7
8998,702247;6
8998,802247;9
8998,902247;10
8999,002247;14
8999,102247;4
8999,202247;6
8999,302247;7
8999,402247;4
8999,502247;6
8999,602247;10
8999,702247;7
8999,802247;11
8999,902247;6
9000,002247;9
9000,102247;10
9000,202247;7
9000,302247;6
9000,402247;11
9000,502247;9
9000,602247;3
9000,702247;3
9000,802247;10
9000,902247;12
9001,002247;6
9001,102247;9
9001,202247;10
9001,302247;9
9001,402247;8
9001,502247;9
9001,602247;11
9001,702247;19
9001,802247;6
9001,902247;5
9002,002247;8
9002,102247;9
9002,202247;5
9002,302247;3
9002,402247;6
9002,502247;6
9002,602247;11
9002,702247;4
9002,802247;6
9002,902247;2
9003,002247;3
9003,102247;9
9003,202247;6
9003,302247;5
9003,402247;8
9003,502247;6
9003,602247;6
9003,702247;10
9003,802247;7
9003,902247;3
9004,002247;3
9004,102247;2
9004,202247;7
9004,302247;4
9004,402247;3
9004,502247;6
9004,602247;5
9004,702247;6
9004,802247;4
9004,902247;4
9005,002247;2
9005,102247;5
9005,202247;5
9005,302247;10
9005,402247;5
9005,502247;3
9005,602247;4
9005,702247;2
9005,802247;4
9005,902247;4
9006,002247;2
9006,102247;6
9006,202247;2
9006,302247;2
9006,402247;8
9006,502247;7
9006,602247;5
9006,702247;4
9006,802247;3
9006,902247;6
9007,002247;1
9007,102247;3
9007,202247;5
9007,302247;2
9007,402247;6
9007,502247;1
9007,602247;2
9007,702247;1
9007,802247;3
9007,902247;3
9008,002247;5
9008,102247;8
9008,202247;3
9008,302247;1
9008,402247;2
9008,502247;3
9008,702247;2
9008,802247;2
9008,902247;7
9009,002247;2
9009,102247;4
9009,202247;2
9009,302247;4
9009,402247;4
9009,502247;3
9009,602247;2
9009,702247;6
9009,802247;1
9009,902247;4
9010,002247;3
9010,102247;3
9010,202247;2
9010,302247;1
9010,402247;3
9010,502247;4
9010,602247;2
9010,702247;4
9010,902247;2
9011,002247;2
9011,102247;1
9011,302247;5
9011,402247;2
9011,502247;4
9011,602247;2
9011,702247;3
9012,002247;1
9012,102247;1
9012,202247;4
9012,302247;1
9012,402247;3
9012,502247;3
9012,602247;1
9012,902247;4
9013,002247;1
9013,102247;2
9013,302247;2
9013,502247;2
9013,902247;1
9014,102247;1
9014,202247;1
9014,502247;1
9014,602247;2
9014,702247;2
9014,802247;1
9015,002247;3
9015,102247;3
9015,302247;1
9015,402247;1
9015,502247;1
9015,602247;1
9015,902247;1
9016,002247;2
9016,102247;2
9016,302247;2
9016,502247;1
9016,602247;2
9016,702247;1
9016,902247;1
9017,002247;2
9017,102247;1
9017,302247;1
9017,702247;2
9017,902247;1
9018,102247;1
9018,202247;2
9018,302247;2
9018,502247;2
9018,602247;1
9019,402247;2
9019,702247;1
9020,802247;2
9021,502247;1
9021,702247;1
9021,802247;1
9021,902247;1
9023,602247;1
9023,802247;1
9024,802247;1
9024,902247;1
9025,002247;1
9025,902247;1
9026,102247;1
9029,802247;1
9031,102247;1
9101,061798;1
9101,361798;1
9101,961798;1
9102,261798;1
9102,561798;1
9103,061798;2
9103,161798;1
9103,261798;1
9103,461798;1
9103,561798;2
9103,661798;1
9103,761798;1
9103,861798;1
9103,961798;5
9104,061798;2
9104,261798;1
9104,361798;1
9104,561798;2
9104,661798;1
9104,861798;3
9104,961798;1
9105,061798;2
9105,161798;1
9105,261798;1
9105,361798;3
9105,461798;2
9105,561798;1
9105,661798;3
9105,761798;1
9105,861798;3
9105,961798;5
9106,061798;2
9106,161798;3
9106,261798;3
9106,361798;4
9106,461798;2
9106,561798;4
9106,661798;4
9106,761798;4
9106,861798;1
9106,961798;1
9107,061798;2
9107,161798;4
9107,261798;4
9107,361798;9
9107,461798;6
9107,561798;6
9107,661798;9
9107,761798;4
9107,861798;2
9107,961798;5
9108,061798;6
9108,161798;6
9108,261798;10
9108,361798;3
9108,461798;5
9108,561798;3
9108,661798;5
9108,761798;7
9108,861798;9
9108,961798;3
9109,061798;6
9109,161798;7
9109,261798;7
9109,361798;9
9109,461798;2
9109,561798;10
9109,661798;6
9109,761798;6
9109,861798;10
9109,961798;5
9110,061798;2
9110,161798;8
9110,261798;8
9110,361798;5
9110,461798;8
9110,561798;7
9110,661798;10
9110,761798;6
9110,861798;1
9110,961798;4
9111,061798;8
9111,161798;3
9111,261798;7
9111,361798;5
9111,461798;11
9111,561798;5
9111,661798;7
9111,761798;4
9111,861798;6
9111,961798;5
9112,061798;12
9112,161798;12
9112,261798;7
9112,361798;6
9112,461798;7
9112,561798;7
9112,661798;6
9112,761798;8
9112,861798;7
9112,961798;5
9113,061798;7
9113,161798;5
9113,261798;12
9113,361798;10
9113,461798;6
9113,561798;9
9113,661798;9
9113,761798;7
9113,861798;7
9113,961798;14
9114,061798;7
9114,161798;5
9114,261798;10
9114,361798;3
9114,461798;9
9114,561798;9
9114,661798;7
9114,761798;7
9114,861798;9
9114,961798;7
9115,061798;10
9115,161798;2
9115,261798;5
9115,361798;7
9115,461798;7
9115,561798;10
9115,661798;13
9115,761798;7
9115,861798;8
9115,961798;6
9116,061798;6
9116,161798;4
9116,261798;6
9116,361798;6
9116,461798;7
9116,561798;7
9116,661798;8
9116,761798;9
9116,861798;1
9116,961798;4
9117,061798;5
9117,161798;7
9117,261798;8
9117,361798;6
9117,461798;8
9117,561798;6
9117,661798;3
9117,761798;3
9117,861798;4
9117,961798;10
9118,061798;4
9118,161798;9
9118,261798;3
9118,361798;5
9118,461798;3
9118,561798;4
9118,661798;3
9118,761798;4
9118,861798;6
9118,961798;6
9119,061798;1
9119,161798;9
9119,261798;4
9119,361798;9
9119,461798;5
9119,561798;6
9119,661798;5
9119,761798;2
9119,861798;1
9119,961798;6
9120,061798;4
9120,161798;5
9120,261798;1
9120,361798;5
9120,461798;6
9120,561798;3
9120,661798;3
9120,761798;1
9120,861798;2
9120,961798;6
9121,061798;4
9121,161798;1
9121,261798;2
9121,361798;5
9121,461798;2
9121,561798;6
9121,661798;2
9121,761798;5
9121,861798;2
9121,961798;4
9122,061798;3
9122,161798;2
9122,261798;3
9122,361798;1
9122,561798;2
9122,661798;6
9122,761798;2
9122,861798;1
9122,961798;1
9123,061798;3
9123,161798;1
9123,261798;5
9123,361798;2
9123,461798;4
9123,661798;1
9123,761798;2
9123,861798;4
9123,961798;1
9124,061798;1
9124,161798;2
9124,261798;2
9124,361798;2
9124,461798;3
9124,661798;2
9124,861798;1
9124,961798;3
9125,061798;2
9125,161798;1
9125,361798;1
9125,461798;1
9125,561798;1
9125,661798;2
9125,761798;3
9125,861798;1
9125,961798;1
9126,061798;4
9126,161798;1
9126,261798;1
9126,361798;1
9126,561798;1
9126,761798;1
9126,861798;1
9126,961798;2
9127,161798;1
9127,261798;1
9127,361798;3
9127,461798;3
9127,561798;1
9127,761798;1
9127,861798;2
9127,961798;1
9128,161798;1
9128,461798;2
9128,661798;1
9128,761798;2
9128,861798;3
9128,961798;1
9129,161798;1
9129,461798;2
9129,561798;1
9129,661798;1
9129,761798;2
9130,361798;1
9130,661798;1
9130,961798;1
9131,161798;1
9131,261798;1
9131,361798;1
9131,761798;1
9132,261798;3
9132,361798;1
9132,661798;1
9133,561798;1
9133,661798;1
9134,561798;1
9135,261798;1
9135,861798;1
9136,261798;1
9136,461798;1
9137,161798;1
9137,361798;1
9140,161798;1
9140,461798;1
9141,061798;1
9141,661798;1
9141,861798;1
9211,621348;1
9214,221348;1
9214,521348;1
9214,821348;1
9215,021348;2
9215,121348;1
9215,421348;1
9215,521348;1
9215,821348;2
9215,921348;1
9216,121348;1
9216,221348;1
9216,321348;1
9216,421348;1
9216,521348;1
9216,721348;1
9216,821348;3
9216,921348;2
9217,021348;2
9217,121348;1
9217,221348;2
9217,321348;2
9217,421348;4
9217,521348;2
9217,621348;1
9217,721348;2
9217,821348;1
9217,921348;1
9218,021348;2
9218,121348;4
9218,221348;3
9218,321348;2
9218,421348;4
9218,521348;2
9218,621348;2
9218,721348;1
9218,821348;1
9218,921348;1
9219,021348;3
9219,121348;4
9219,221348;5
9219,321348;7
9219,421348;2
9219,521348;3
9219,621348;2
9219,721348;6
9219,821348;4
9219,921348;7
9220,021348;5
9220,121348;6
9220,221348;4
9220,321348;1
9220,421348;7
9220,521348;8
9220,621348;3
9220,721348;4
9220,821348;3
9220,921348;3
9221,021348;10
9221,121348;8
9221,221348;2
9221,321348;6
9221,421348;3
9221,521348;4
9221,621348;10
9221,721348;4
9221,821348;10
9221,921348;7
9222,021348;3
9222,121348;9
9222,221348;10
9222,321348;3
9222,421348;5
9222,521348;5
9222,621348;5
9222,721348;6
9222,821348;7
9222,921348;8
9223,021348;7
9223,121348;10
9223,221348;7
9223,321348;5
9223,421348;6
9223,521348;3
9223,621348;5
9223,721348;8
9223,821348;8
9223,921348;7
9224,021348;8
9224,121348;5
9224,221348;10
9224,321348;3
9224,421348;7
9224,521348;4
9224,621348;11
9224,721348;7
9224,821348;6
9224,921348;4
9225,021348;4
9225,121348;4
9225,221348;4
9225,321348;6
9225,421348;10
9225,521348;7
9225,621348;9
9225,721348;6
9225,821348;4
9225,921348;6
9226,021348;13
9226,121348;9
9226,221348;9
9226,321348;6
9226,421348;8
9226,521348;8
9226,621348;6
9226,721348;6
9226,821348;2
9226,921348;7
9227,021348;6
9227,121348;4
9227,221348;7
9227,321348;9
9227,421348;4
9227,521348;6
9227,621348;5
9227,721348;8
9227,821348;4
9227,921348;9
9228,021348;12
9228,121348;3
9228,221348;7
9228,321348;2
9228,421348;9
9228,521348;7
9228,621348;8
9228,721348;4
9228,821348;5
9228,921348;7
9229,021348;7
9229,121348;9
9229,221348;4
9229,321348;3
9229,421348;5
9229,521348;9
9229,621348;6
9229,721348;2
9229,821348;7
9229,921348;5
9230,021348;3
9230,121348;4
9230,221348;5
9230,321348;4
9230,421348;5
9230,521348;4
9230,621348;5
9230,721348;7
9230,821348;2
9230,921348;7
9231,021348;8
9231,121348;7
9231,221348;8
9231,321348;6
9231,421348;6
9231,521348;8
9231,621348;5
9231,721348;6
9231,821348;4
9232,021348;8
9232,121348;3
9232,221348;5
9232,321348;3
9232,421348;5
9232,521348;2
9232,621348;5
9232,721348;3
9232,821348;2
9232,921348;2
9233,021348;1
9233,121348;3
9233,221348;7
9233,321348;4
9233,421348;4
9233,521348;6
9233,621348;5
9233,721348;3
9233,821348;5
9233,921348;4
9234,021348;4
9234,121348;7
9234,221348;6
9234,321348;4
9234,421348;4
9234,521348;4
9234,621348;4
9234,721348;3
9234,821348;3
9234,921348;5
9235,021348;2
9235,121348;2
9235,221348;2
9235,321348;3
9235,421348;3
9235,521348;5
9235,621348;4
9235,721348;4
9235,821348;5
9235,921348;4
9236,021348;2
9236,121348;1
9236,221348;4
9236,321348;1
9236,421348;5
9236,521348;2
9236,621348;1
9236,721348;1
9236,921348;2
9237,021348;7
9237,121348;4
9237,221348;1
9237,321348;2
9237,421348;4
9237,521348;3
9237,621348;1
9237,721348;2
9237,821348;2
9238,121348;2
9238,221348;1
9238,321348;2
9238,421348;2
9238,521348;3
9238,621348;2
9238,821348;1
9238,921348;2
9239,021348;1
9239,121348;3
9239,321348;3
9239,421348;2
9239,521348;2
9239,621348;1
9239,721348;2
9239,921348;2
9240,121348;4
9240,321348;1
9240,521348;1
9240,821348;1
9241,021348;1
9241,321348;1
9241,421348;1
9241,521348;1
9241,621348;2
9241,721348;1
9241,921348;1
9242,221348;1
9242,521348;3
9243,021348;1
9243,121348;4
9243,221348;1
9243,421348;2
9243,521348;1
9243,621348;1
9243,721348;1
9243,821348;1
9243,921348;2
9244,021348;3
9244,121348;1
9244,221348;1
9244,321348;1
9244,421348;2
9244,521348;1
9244,921348;1
9245,121348;1
9245,321348;1
9245,521348;2
9245,821348;2
9246,021348;2
9246,421348;1
9246,721348;1
9247,021348;1
9247,121348;1
9247,321348;1
9247,521348;2
9247,721348;1
9247,921348;1
9248,121348;1
9248,521348;1
9249,221348;1
9249,321348;2
9249,821348;1
9249,921348;1
9250,521348;1
9250,721348;2
9251,721348;1
9252,421348;2
9255,321348;1
9263,821348;1
9265,621348;1
9326,080899;1
9326,280899;1
9327,180899;1
9327,480899;2
9327,780899;1
9328,080899;1
9328,380899;1
9328,480899;1
9328,580899;2
9328,680899;1
9328,880899;1
9328,980899;1
9329,180899;3
9329,580899;1
9329,680899;1
9329,780899;1
9329,980899;2
9330,180899;2
9330,280899;1
9330,380899;2
9330,580899;1
9330,680899;2
9330,780899;3
9330,880899;1
9330,980899;1
9331,080899;2
9331,180899;7
9331,280899;2
9331,480899;4
9331,580899;2
9331,680899;1
9331,780899;2
9331,880899;1
9332,180899;2
9332,280899;2
9332,380899;2
9332,480899;4
9332,680899;1
9332,780899;3
9332,880899;1
9332,980899;4
9333,180899;1
9333,280899;1
9333,380899;1
9333,480899;5
9333,580899;7
9333,680899;3
9333,780899;4
9333,880899;6
9333,980899;2
9334,080899;6
9334,180899;4
9334,280899;6
9334,380899;3
9334,480899;3
9334,580899;4
9334,680899;8
9334,780899;3
9334,880899;7
9334,980899;9
9335,080899;5
9335,180899;5
9335,280899;2
9335,380899;2
9335,480899;4
9335,580899;7
9335,680899;9
9335,880899;6
9335,980899;9
9336,080899;1
9336,180899;3
9336,280899;1
9336,380899;3
9336,480899;5
9336,580899;8
9336,680899;10
9336,780899;7
9336,880899;5
9336,980899;9
9337,080899;7
9337,180899;6
9337,280899;8
9337,380899;3
9337,480899;6
9337,580899;6
9337,680899;7
9337,780899;1
9337,880899;5
9337,980899;7
9338,080899;5
9338,180899;9
9338,280899;3
9338,380899;4
9338,480899;7
9338,580899;12
9338,680899;6
9338,780899;4
9338,880899;1
9338,980899;7
9339,080899;3
9339,180899;6
9339,280899;2
9339,380899;4
9339,480899;10
9339,580899;6
9339,680899;6
9339,780899;5
9339,880899;7
9339,980899;6
9340,080899;4
9340,180899;5
9340,280899;4
9340,380899;4
9340,480899;5
9340,580899;7
9340,680899;2
9340,780899;4
9340,880899;8
9340,980899;5
9341,080899;8
9341,180899;8
9341,280899;3
9341,380899;6
9341,480899;3
9341,580899;5
9341,680899;8
9341,780899;5
9341,880899;6
9341,980899;8
9342,080899;3
9342,180899;6
9342,280899;10
9342,380899;7
9342,480899;5
9342,580899;6
9342,680899;2
9342,780899;7
9342,880899;6
9342,980899;3
9343,080899;1
9343,180899;2
9343,280899;4
9343,380899;4
9343,480899;2
9343,580899;6
9343,680899;4
9343,780899;8
9343,880899;2
9343,980899;4
9344,080899;6
9344,180899;5
9344,280899;6
9344,380899;5
9344,480899;7
9344,580899;8
9344,680899;4
9344,780899;6
9344,880899;2
9344,980899;3
9345,080899;1
9345,180899;8
9345,280899;6
9345,380899;2
9345,480899;2
9345,580899;9
9345,680899;1
9345,780899;6
9345,880899;6
9345,980899;5
9346,080899;6
9346,180899;5
9346,280899;1
9346,380899;3
9346,480899;1
9346,580899;4
9346,680899;9
9346,780899;2
9346,880899;2
9346,980899;4
9347,080899;8
9347,180899;5
9347,280899;5
9347,380899;2
9347,480899;5
9347,580899;3
9347,680899;7
9347,780899;8
9347,880899;3
9347,980899;3
9348,080899;1
9348,180899;1
9348,280899;3
9348,380899;6
9348,480899;2
9348,580899;4
9348,680899;2
9348,780899;3
9348,880899;1
9348,980899;2
9349,080899;1
9349,180899;3
9349,280899;3
9349,480899;2
9349,580899;2
9349,680899;3
9349,780899;2
9349,880899;4
9349,980899;2
9350,080899;4
9350,180899;3
9350,280899;4
9350,380899;2
9350,480899;2
9350,580899;1
9350,680899;1
9350,780899;4
9350,980899;2
9351,180899;2
9351,280899;3
9351,380899;2
9351,480899;4
9351,580899;1
9351,680899;3
9351,780899;6
9351,880899;2
9351,980899;1
9352,080899;2
9352,180899;3
9352,280899;3
9352,380899;2
9352,580899;1
9352,680899;2
9352,780899;1
9352,880899;1
9352,980899;2
9353,180899;3
9353,280899;2
9353,480899;1
9353,580899;2
9353,680899;1
9353,780899;3
9353,880899;1
9354,080899;3
9354,180899;3
9354,280899;2
9354,380899;3
9354,680899;2
9354,780899;2
9354,880899;1
9355,080899;1
9355,180899;2
9355,280899;3
9355,380899;1
9355,480899;1
9355,580899;2
9355,680899;1
9355,780899;2
9355,980899;1
9356,080899;4
9356,180899;2
9356,280899;3
9356,380899;2
9356,480899;1
9356,580899;3
9356,680899;2
9356,780899;2
9356,880899;2
9356,980899;1
9357,380899;3
9357,480899;1
9357,580899;2
9357,880899;3
9358,080899;2
9358,380899;3
9358,580899;2
9358,980899;1
9359,180899;1
9359,280899;1
9359,580899;2
9359,780899;4
9359,880899;1
9360,080899;1
9360,180899;1
9360,280899;1
9360,380899;1
9360,480899;1
9360,780899;1
9361,180899;1
9361,380899;1
9361,680899;1
9361,980899;1
9362,480899;1
9362,980899;2
9363,180899;1
9363,380899;1
9364,080899;2
9364,580899;1
9365,080899;2
9366,180899;1
9366,280899;1
9367,680899;1
9368,580899;1
9369,380899;1
9436,040449;1
9439,040449;1
9439,540449;1
9440,640449;1
9441,340449;1
9441,740449;1
9442,040449;2
9442,140449;1
9442,240449;1
9442,340449;2
9442,440449;1
9442,540449;1
9442,640449;1
9442,840449;1
9443,240449;1
9443,540449;1
9443,640449;5
9443,740449;2
9443,840449;2
9443,940449;5
9444,140449;2
9444,240449;1
9444,440449;2
9444,640449;1
9444,740449;2
9444,840449;1
9444,940449;2
9445,140449;2
9445,240449;2
9445,340449;1
9445,540449;1
9445,640449;1
9445,740449;1
9445,840449;2
9445,940449;2
9446,240449;2
9446,340449;3
9446,440449;4
9446,540449;3
9446,640449;4
9446,740449;3
9446,840449;1
9446,940449;1
9447,040449;3
9447,240449;2
9447,340449;2
9447,440449;3
9447,540449;8
9447,640449;3
9447,740449;4
9447,840449;4
9447,940449;2
9448,040449;3
9448,140449;4
9448,240449;4
9448,340449;3
9448,440449;6
9448,540449;4
9448,640449;6
9448,740449;3
9448,840449;1
9448,940449;5
9449,040449;4
9449,140449;6
9449,240449;5
9449,340449;7
9449,440449;2
9449,540449;5
9449,640449;5
9449,740449;7
9449,840449;5
9449,940449;9
9450,040449;5
9450,140449;2
9450,240449;3
9450,340449;4
9450,440449;4
9450,540449;4
9450,640449;4
9450,740449;5
9450,840449;3
9450,940449;8
9451,040449;5
9451,140449;4
9451,240449;4
9451,340449;4
9451,440449;5
9451,540449;5
9451,640449;4
9451,740449;8
9451,840449;3
9451,940449;7
9452,040449;4
9452,140449;4
9452,240449;5
9452,340449;2
9452,440449;4
9452,540449;4
9452,640449;6
9452,740449;5
9452,840449;4
9452,940449;5
9453,040449;1
9453,140449;1
9453,240449;2
9453,340449;4
9453,440449;5
9453,540449;5
9453,640449;3
9453,740449;1
9453,840449;6
9454,040449;4
9454,140449;3
9454,240449;4
9454,340449;6
9454,440449;4
9454,540449;9
9454,640449;2
9454,740449;5
9454,840449;6
9454,940449;6
9455,040449;4
9455,140449;3
9455,240449;7
9455,340449;5
9455,440449;3
9455,540449;5
9455,640449;4
9455,740449;4
9455,840449;3
9455,940449;4
9456,040449;1
9456,140449;4
9456,240449;7
9456,340449;5
9456,440449;5
9456,540449;4
9456,640449;2
9456,740449;4
9456,840449;4
9456,940449;5
9457,040449;11
9457,140449;5
9457,340449;10
9457,440449;5
9457,540449;1
9457,640449;6
9457,740449;5
9457,840449;7
9457,940449;3
9458,040449;1
9458,140449;4
9458,240449;2
9458,340449;6
9458,440449;3
9458,540449;5
9458,640449;8
9458,740449;7
9458,840449;4
9458,940449;1
9459,040449;9
9459,140449;4
9459,240449;3
9459,340449;3
9459,440449;3
9459,540449;4
9459,640449;4
9459,740449;7
9459,840449;6
9459,940449;4
9460,040449;3
9460,140449;3
9460,240449;4
9460,340449;4
9460,440449;2
9460,540449;1
9460,640449;2
9460,740449;7
9460,840449;2
9460,940449;2
9461,040449;4
9461,140449;2
9461,240449;2
9461,340449;7
9461,440449;3
9461,540449;1
9461,640449;4
9461,740449;2
9461,840449;2
9461,940449;2
9462,040449;2
9462,140449;1
9462,240449;2
9462,340449;4
9462,440449;2
9462,540449;5
9462,640449;3
9462,740449;4
9462,840449;2
9462,940449;5
9463,040449;5
9463,140449;2
9463,240449;2
9463,340449;1
9463,440449;4
9463,540449;3
9463,640449;2
9463,740449;1
9463,840449;4
9463,940449;4
9464,040449;1
9464,140449;2
9464,240449;3
9464,340449;2
9464,440449;1
9464,540449;6
9464,640449;3
9464,740449;3
9464,840449;2
9464,940449;4
9465,040449;3
9465,140449;2
9465,240449;3
9465,340449;3
9465,440449;4
9465,540449;5
9465,640449;6
9465,740449;1
9465,840449;2
9465,940449;4
9466,040449;4
9466,140449;2
9466,240449;2
9466,340449;3
9466,440449;3
9466,540449;2
9466,840449;2
9466,940449;2
9467,040449;3
9467,140449;4
9467,240449;3
9467,340449;1
9467,440449;4
9467,540449;3
9467,640449;1
9467,740449;2
9467,840449;4
9467,940449;1
9468,040449;1
9468,140449;2
9468,240449;2
9468,340449;3
9468,440449;1
9468,540449;3
9468,640449;3
9468,740449;5
9468,840449;1
9468,940449;5
9469,040449;1
9469,140449;4
9469,240449;2
9469,340449;1
9469,440449;1
9469,540449;2
9469,740449;1
9469,940449;1
9470,040449;2
9470,240449;3
9470,340449;1
9470,440449;1
9470,640449;2
9470,740449;1
9470,940449;1
9471,040449;1
9471,140449;3
9471,240449;2
9471,340449;3
9471,440449;1
9471,540449;3
9471,640449;3
9471,740449;2
9471,940449;1
9472,140449;1
9472,240449;2
9472,340449;1
9472,440449;1
9472,540449;1
9472,640449;3
9472,740449;1
9472,840449;2
9472,940449;1
9473,040449;3
9473,240449;1
9473,340449;1
9473,440449;2
9473,540449;1
9473,840449;3
9473,940449;1
9474,240449;1
9474,340449;1
9474,440449;1
9474,540449;1
9474,640449;2
9474,840449;1
9475,040449;2
9475,140449;2
9475,240449;1
9475,340449;1
9475,540449;3
9475,840449;1
9476,040449;1
9476,440449;1
9476,540449;3
9476,740449;1
9476,840449;1
9477,040449;1
9477,140449;1
9477,240449;1
9477,440449;2
9477,540449;1
9477,640449;2
9478,040449;1
9478,340449;1
9478,640449;1
9478,840449;1
9479,640449;1
9480,840449;1
9481,040449;1
9482,040449;1
9482,240449;1
9553,1;1
9553,7;1
9554,5;1
9555,3;1
9555,5;1
9556,8;1
9557,3;1
9557,4;1
9557,9;1
9558,1;1
9558,2;1
9558,3;2
9558,4;2
9558,5;1
9558,7;1
9558,8;1
9559,2;3
9559,3;1
9559,4;1
9559,5;1
9559,8;2
9559,9;1
9560,2;2
9560,6;2
9560,7;3
9560,8;1
9561,3;1
9561,4;7
9561,5;1
9561,7;4
9561,8;2
9561,9;2
9562;1
9562,2;3
9562,3;2
9562,4;1
9562,5;2
9562,6;1
9562,7;1
9562,8;4
9562,9;1
9563;4
9563,2;2
9563,3;2
9563,4;1
9563,5;2
9563,6;5
9563,7;2
9563,8;1
9563,9;1
9564,1;2
9564,2;2
9564,3;2
9564,5;1
9564,6;1
9564,8;1
9564,9;1
9565;1
9565,1;1
9565,2;2
9565,4;4
9565,5;2
9565,6;3
9565,7;3
9565,8;2
9565,9;1
9566;1
9566,1;3
9566,3;3
9566,5;2
9566,7;1
9566,8;1
9566,9;5
9567;3
9567,2;2
9567,3;1
9567,4;1
9567,5;2
9567,6;4
9567,7;2
9567,8;3
9567,9;2
9568;4
9568,1;4
9568,2;2
9568,3;3
9568,4;3
9568,5;1
9568,6;3
9568,7;3
9568,8;3
9568,9;4
9569,1;2
9569,2;2
9569,3;2
9569,5;2
9569,6;3
9569,8;2
9569,9;3
9570;3
9570,1;4
9570,2;1
9570,3;1
9570,6;3
9570,7;4
9570,8;2
9570,9;4
9571;5
9571,1;3
9571,2;4
9571,3;2
9571,4;5
9571,5;7
9571,6;1
9571,7;1
9571,8;2
9571,9;3
9572;3
9572,1;4
9572,2;2
9572,3;2
9572,4;2
9572,5;3
9572,6;2
9572,7;2
9572,8;2
9572,9;1
9573;4
9573,1;3
9573,2;4
9573,3;2
9573,4;3
9573,5;1
9573,7;1
9573,8;1
9573,9;1
9574;2
9574,1;1
9574,2;1
9574,3;3
9574,5;8
9574,6;3
9574,7;3
9575;1
9575,2;5
9575,3;4
9575,4;4
9575,5;1
9575,6;1
9575,7;2
9575,9;4
9576;1
9576,1;4
9576,3;1
9576,4;2
9576,5;1
9576,6;1
9576,8;5
9576,9;3
9577;3
9577,1;3
9577,4;1
9577,5;1
9577,6;3
9577,7;1
9577,8;1
9577,9;3
9578;1
9578,1;2
9578,2;1
9578,3;1
9578,4;2
9578,5;1
9578,6;3
9578,8;3
9578,9;2
9579;1
9579,1;1
9579,2;1
9579,3;1
9579,5;2
9579,6;1
9579,7;1
9579,8;4
9579,9;3
9580,2;1
9580,3;3
9580,4;2
9580,7;1
9580,9;1
9581;1
9581,2;2
9581,4;2
9581,5;2
9581,6;1
9581,7;1
9581,9;1
9582,1;1
9582,2;1
9582,3;2
9582,5;1
9582,6;1
9582,7;3
9582,9;2
9583,2;1
9583,3;1
9583,4;2
9583,6;1
9583,8;2
9584,1;1
9584,2;1
9584,3;1
9584,4;1
9584,6;1
9584,7;1
9584,8;1
9585,1;1
9585,2;1
9585,4;1
9585,5;2
9585,6;1
9585,7;1
9586,7;2
9587;1
9587,3;1
9587,5;2
9587,6;2
9587,7;1
9587,8;1
9587,9;1
9588;1
9588,6;1
9588,7;1
9589;1
9589,4;2
9590,3;1
9593,5;1
