-760;0;0;120;0
2599,447458;0;1;0;0
2600,447458;0;1;0;0
2600,647458;0;1;0;0
2769,538983;0;1;0;0
2936,230508;0;1;0;0
2937,130508;0;1;0;0
2937,730508;0;1;0;0
2937,930508;0;1;0;0
2938,530508;0;1;0;0
2939,130508;0;1;0;0
3105,222034;0;1;0;0
3106,522034;0;1;0;0
3107,822034;0;1;0;0
3108,122034;0;1;0;0
3108,322034;0;1;0;0
3108,522034;0;2;0;0
3109,122034;0;1;0;0
3109,622034;0;1;0;0
3110,422034;0;1;0;0
3275,013559;0;1;0;0
3275,213559;0;1;0;0
3275,913559;0;1;0;0
3276,013559;0;1;0;0
3276,413559;0;1;0;0
3276,513559;0;4;0;0
3276,613559;0;2;0;0
3276,813559;0;1;0;0
3276,913559;0;3;0;0
3277,213559;0;2;0;0
3277,313559;0;1;0;0
3277,413559;0;1;0;0
3277,713559;0;1;0;0
3278,113559;0;1;0;0
3278,313559;0;2;0;0
3278,613559;0;1;0;0
3278,713559;0;1;0;0
3278,913559;0;1;0;0
3279,013559;0;1;0;0
3279,213559;0;1;0;0
3279,413559;0;2;0;0
3279,613559;0;1;0;0
3279,713559;0;1;0;0
3279,813559;0;2;0;0
3281,013559;0;1;0;0
3444,405085;0;1;0;0
3444,705085;0;1;0;0
3445,005085;0;2;0;0
3445,105085;0;1;0;0
3445,205085;0;1;0;0
3445,305085;0;2;0;0
3445,505085;0;1;0;0
3445,605085;0;1;0;0
3445,705085;0;1;0;0
3445,805085;0;3;0;0
3445,905085;0;2;0;0
3446,005085;0;4;0;0
3446,105085;0;3;0;0
3446,205085;0;4;0;0
3446,405085;0;5;0;0
3446,505085;0;2;0;0
3446,605085;0;6;0;0
3446,705085;0;5;0;0
3446,805085;0;3;0;0
3446,905085;0;4;0;0
3447,005085;0;3;0;0
3447,105085;0;4;0;0
3447,205085;0;4;0;0
3447,305085;0;4;0;0
3447,405085;0;5;0;0
3447,505085;0;1;0;0
3447,605085;0;8;0;0
3447,705085;0;4;0;0
3447,805085;0;4;0;0
3447,905085;0;2;0;0
3448,005085;0;4;0;0
3448,105085;0;2;0;0
3448,205085;0;4;0;0
3448,305085;0;2;0;0
3448,505085;0;1;0;0
3448,605085;0;2;0;0
3448,805085;0;1;0;0
3448,905085;0;3;0;0
3449,005085;0;1;0;0
3449,305085;0;3;0;0
3449,605085;0;1;0;0
3449,805085;0;1;0;0
3450,405085;0;1;0;0
3451,005085;0;1;0;0
3451,205085;0;1;0;0
3613,79661;0;1;0;0
3614,49661;0;1;0;0
3614,59661;0;2;0;0
3614,69661;0;4;0;0
3614,79661;0;2;0;0
3614,89661;0;1;0;0
3615,09661;0;2;0;0
3615,19661;0;6;0;0
3615,29661;0;6;0;0
3615,39661;0;3;0;0
3615,49661;0;7;0;0
3615,59661;0;10;0;0
3615,69661;0;10;0;0
3615,79661;0;4;0;0
3615,89661;0;2;0;0
3615,99661;0;12;0;0
3616,09661;0;9;0;0
3616,19661;0;12;0;0
3616,29661;0;10;0;0
3616,39661;0;7;0;0
3616,49661;0;8;0;0
3616,59661;0;11;0;0
3616,69661;0;7;0;0
3616,79661;0;8;0;0
3616,89661;0;11;0;0
3616,99661;0;5;0;0
3617,09661;0;9;0;0
3617,19661;0;8;0;0
3617,29661;0;6;0;0
3617,39661;0;5;0;0
3617,49661;0;5;0;0
3617,59661;0;4;0;0
3617,69661;0;6;0;0
3617,79661;0;6;0;0
3617,89661;0;3;0;0
3617,99661;0;3;0;0
3618,09661;0;7;0;0
3618,19661;0;4;0;0
3618,29661;0;2;0;0
3618,39661;0;4;0;0
3618,49661;0;3;0;0
3618,59661;0;5;0;0
3618,69661;0;1;0;0
3618,79661;0;3;0;0
3618,89661;0;3;0;0
3618,99661;0;2;0;0
3619,09661;0;1;0;0
3619,19661;0;2;0;0
3619,29661;0;2;0;0
3619,39661;0;1;0;0
3619,49661;0;1;0;0
3619,69661;0;2;0;0
3619,89661;0;1;0;0
3620,19661;0;1;0;0
3620,49661;0;1;0;0
3621,79661;0;1;0;0
3783,488136;0;1;0;0
3783,688136;0;1;0;0
3783,788136;0;4;0;0
3783,888136;0;1;0;0
3784,088136;0;2;0;0
3784,188136;0;4;0;0
3784,288136;0;1;0;0
3784,388136;0;8;0;0
3784,488136;0;4;0;0
3784,588136;0;9;0;0
3784,688136;0;5;0;0
3784,788136;0;7;0;0
3784,888136;0;7;0;0
3784,988136;0;8;0;0
3785,088136;0;12;0;0
3785,188136;0;20;0;0
3785,288136;0;15;0;0
3785,388136;0;17;0;0
3785,488136;0;13;0;0
3785,588136;0;15;0;0
3785,688136;0;10;0;0
3785,788136;0;23;0;0
3785,888136;0;10;0;0
3785,988136;0;14;0;0
3786,088136;0;22;0;0
3786,188136;0;21;0;0
3786,288136;0;11;0;0
3786,388136;0;16;0;0
3786,488136;0;15;0;0
3786,588136;0;9;0;0
3786,688136;0;19;0;0
3786,788136;0;12;0;0
3786,888136;0;11;0;0
3786,988136;0;10;0;0
3787,088136;0;13;0;0
3787,188136;0;23;0;0
3787,288136;0;10;0;0
3787,388136;0;8;0;0
3787,488136;0;8;0;0
3787,588136;0;8;0;0
3787,688136;0;8;0;0
3787,788136;0;6;0;0
3787,888136;0;8;0;0
3787,988136;0;9;0;0
3788,088136;0;8;0;0
3788,188136;0;8;0;0
3788,288136;0;6;0;0
3788,388136;0;3;0;0
3788,488136;0;3;0;0
3788,588136;0;2;0;0
3788,688136;0;4;0;0
3788,788136;0;2;0;0
3788,888136;0;1;0;0
3788,988136;0;4;0;0
3789,188136;0;2;0;0
3789,388136;0;2;0;0
3789,488136;0;1;0;0
3789,688136;0;2;0;0
3789,788136;0;1;0;0
3789,888136;0;1;0;0
3789,988136;0;1;0;0
3793,488136;0;1;0;0
3952,679661;0;1;0;0
3953,079661;0;1;0;0
3953,179661;0;2;0;0
3953,279661;0;3;0;0
3953,379661;0;4;0;0
3953,479661;0;4;0;0
3953,579661;0;5;0;0
3953,679661;0;7;0;0
3953,779661;0;10;0;0
3953,879661;0;13;0;0
3953,979661;0;6;0;0
3954,079661;0;7;0;0
3954,179661;0;12;0;0
3954,279661;0;19;0;0
3954,379661;0;18;0;0
3954,479661;0;12;0;0
3954,579661;0;14;0;0
3954,679661;0;17;0;0
3954,779661;0;16;0;0
3954,879661;0;15;0;0
3954,979661;0;29;0;0
3955,079661;0;19;0;0
3955,179661;0;27;0;0
3955,279661;0;33;0;0
3955,379661;0;35;0;0
3955,479661;0;32;0;0
3955,579661;0;23;0;0
3955,679661;0;32;0;0
3955,779661;0;32;0;0
3955,879661;0;22;0;0
3955,979661;0;27;0;0
3956,079661;0;25;0;0
3956,179661;0;24;0;0
3956,279661;0;30;0;0
3956,379661;0;31;0;0
3956,479661;0;22;0;0
3956,579661;0;24;0;0
3956,679661;0;19;0;0
3956,779661;0;24;0;0
3956,879661;0;14;0;0
3956,979661;0;16;0;0
3957,079661;0;11;0;0
3957,179661;0;22;0;0
3957,279661;0;10;0;0
3957,379661;0;20;0;0
3957,479661;0;8;0;0
3957,579661;0;10;0;0
3957,679661;0;10;0;0
3957,779661;0;2;0;0
3957,879661;0;6;0;0
3957,979661;0;9;0;0
3958,079661;0;7;0;0
3958,179661;0;10;0;0
3958,279661;0;7;0;0
3958,379661;0;3;0;0
3958,479661;0;5;0;0
3958,579661;0;7;0;0
3958,679661;0;2;0;0
3958,779661;0;2;0;0
3958,979661;0;1;0;0
3959,079661;0;1;0;0
3959,179661;0;1;0;0
3959,279661;0;2;0;0
3959,879661;0;1;0;0
3959,979661;0;2;0;0
4121,671186;0;1;0;0
4121,871186;0;1;0;0
4122,071186;0;1;0;0
4122,171186;0;1;0;0
4122,371186;0;1;0;0
4122,571186;0;1;0;0
4122,671186;0;4;0;0
4122,771186;0;2;0;0
4122,871186;0;4;0;0
4122,971186;0;5;0;0
4123,071186;0;5;0;0
4123,171186;0;5;0;0
4123,271186;0;6;0;0
4123,371186;0;10;0;0
4123,471186;0;15;0;0
4123,571186;0;11;0;0
4123,671186;0;21;0;0
4123,771186;0;16;0;0
4123,871186;0;24;0;0
4123,971186;0;20;0;0
4124,071186;0;16;0;0
4124,171186;0;26;0;0
4124,271186;0;16;0;0
4124,371186;0;24;0;0
4124,471186;0;33;0;0
4124,571186;0;36;0;0
4124,671186;0;41;0;0
4124,771186;0;43;0;0
4124,871186;0;42;0;0
4124,971186;0;44;0;0
4125,071186;0;43;0;0
4125,171186;0;34;0;0
4125,271186;0;34;0;0
4125,371186;0;41;0;0
4125,471186;0;29;0;0
4125,571186;0;37;0;0
4125,671186;0;35;0;0
4125,771186;0;37;0;0
4125,871186;0;40;0;0
4125,971186;0;30;0;0
4126,071186;0;34;0;0
4126,171186;0;30;0;0
4126,271186;0;24;0;0
4126,371186;0;30;0;0
4126,471186;0;32;0;0
4126,571186;0;20;0;0
4126,671186;0;18;0;0
4126,771186;0;16;0;0
4126,871186;0;19;0;0
4126,971186;0;20;0;0
4127,071186;0;12;0;0
4127,171186;0;13;0;0
4127,271186;0;10;0;0
4127,371186;0;11;0;0
4127,471186;0;10;0;0
4127,571186;0;6;0;0
4127,671186;0;7;0;0
4127,771186;0;11;0;0
4127,871186;0;4;0;0
4127,971186;0;10;0;0
4128,071186;0;5;0;0
4128,171186;0;3;0;0
4128,271186;0;4;0;0
4128,371186;0;1;0;0
4128,471186;0;2;0;0
4128,571186;0;3;0;0
4128,671186;0;2;0;0
4128,871186;0;2;0;0
4129,071186;0;1;0;0
4129,271186;0;1;0;0
4129,571186;0;1;0;0
4129,771186;0;1;0;0
4130,071186;0;1;0;0
4130,271186;0;1;0;0
4291,262712;0;2;0;0
4291,662712;0;1;0;0
4291,762712;0;1;0;0
4291,962712;0;1;0;0
4292,062712;0;1;0;0
4292,162712;0;5;0;0
4292,262712;0;4;0;0
4292,362712;0;1;0;0
4292,462712;0;3;0;0
4292,562712;0;7;0;0
4292,662712;0;8;0;0
4292,762712;0;10;0;0
4292,862712;0;10;0;0
4292,962712;0;17;0;0
4293,062712;0;13;0;0
4293,162712;0;14;0;0
4293,262712;0;20;0;0
4293,362712;0;23;0;0
4293,462712;0;24;0;0
4293,562712;0;26;0;0
4293,662712;0;16;0;0
4293,762712;0;38;0;0
4293,862712;0;35;0;0
4293,962712;0;30;0;0
4294,062712;0;23;0;0
4294,162712;0;35;0;0
4294,262712;0;43;0;0
4294,362712;0;34;0;0
4294,462712;0;45;0;0
4294,562712;0;38;0;0
4294,662712;0;28;0;0
4294,762712;0;40;0;0
4294,862712;0;33;0;0
4294,962712;0;34;0;0
4295,062712;0;53;0;0
4295,162712;0;40;0;0
4295,262712;0;46;0;0
4295,362712;0;44;0;0
4295,462712;0;35;0;0
4295,562712;0;24;0;0
4295,662712;0;28;0;0
4295,762712;0;25;0;0
4295,862712;0;22;0;0
4295,962712;0;20;0;0
4296,062712;0;24;0;0
4296,162712;0;23;0;0
4296,262712;0;20;0;0
4296,362712;0;13;0;0
4296,462712;0;9;0;0
4296,562712;0;14;0;0
4296,662712;0;6;0;0
4296,762712;0;13;0;0
4296,862712;0;15;0;0
4296,962712;0;15;0;0
4297,062712;0;7;0;0
4297,162712;0;9;0;0
4297,262712;0;5;0;0
4297,362712;0;9;0;0
4297,462712;0;7;0;0
4297,562712;0;2;0;0
4297,662712;0;2;0;0
4297,762712;0;8;0;0
4297,862712;0;3;0;0
4297,962712;0;5;0;0
4298,062712;0;3;0;0
4298,162712;0;2;0;0
4298,262712;0;2;0;0
4298,362712;0;2;0;0
4298,462712;0;2;0;0
4298,762712;0;1;0;0
4299,262712;0;1;0;0
4299,762712;0;1;0;0
4461,154237;0;1;0;0
4461,354237;0;1;0;0
4461,454237;0;2;0;0
4461,554237;0;1;0;0
4461,654237;0;4;0;0
4461,754237;0;2;0;0
4461,854237;0;5;0;0
4461,954237;0;8;0;0
4462,054237;0;9;0;0
4462,154237;0;4;0;0
4462,254237;0;6;0;0
4462,354237;0;14;0;0
4462,454237;0;16;0;0
4462,554237;0;14;0;0
4462,654237;0;16;0;0
4462,754237;0;20;0;0
4462,854237;0;15;0;0
4462,954237;0;23;0;0
4463,054237;0;26;0;0
4463,154237;0;24;0;0
4463,254237;0;37;0;0
4463,354237;0;30;0;0
4463,454237;0;42;0;0
4463,554237;0;31;0;0
4463,654237;0;29;0;0
4463,754237;0;25;0;0
4463,854237;0;46;0;0
4463,954237;0;41;0;0
4464,054237;0;48;0;0
4464,154237;0;38;0;0
4464,254237;0;41;0;0
4464,354237;0;38;0;0
4464,454237;0;40;0;0
4464,554237;0;41;0;0
4464,654237;0;41;0;0
4464,754237;0;32;0;0
4464,854237;0;25;0;0
4464,954237;0;28;0;0
4465,054237;0;28;0;0
4465,154237;0;37;0;0
4465,254237;0;25;0;0
4465,354237;0;27;0;0
4465,454237;0;33;0;0
4465,554237;0;20;0;0
4465,654237;0;15;0;0
4465,754237;0;15;0;0
4465,854237;0;26;0;0
4465,954237;0;19;0;0
4466,054237;0;15;0;0
4466,154237;0;21;0;0
4466,254237;0;15;0;0
4466,354237;0;12;0;0
4466,454237;0;12;0;0
4466,554237;0;13;0;0
4466,654237;0;12;0;0
4466,754237;0;3;0;0
4466,854237;0;9;0;0
4466,954237;0;5;0;0
4467,054237;0;5;0;0
4467,154237;0;5;0;0
4467,254237;0;7;0;0
4467,354237;0;3;0;0
4467,454237;0;1;0;0
4467,554237;0;4;0;0
4467,654237;0;3;0;0
4467,754237;0;5;0;0
4467,854237;0;2;0;0
4467,954237;0;1;0;0
4468,054237;0;2;0;0
4468,154237;0;1;0;0
4468,254237;0;1;0;0
4468,354237;0;1;0;0
4468,454237;0;1;0;0
4468,554237;0;3;0;0
4468,654237;0;1;0;0
4469,154237;0;1;0;0
4469,254237;0;1;0;0
4469,454237;0;1;0;0
4469,854237;0;1;0;0
4470,254237;0;1;0;0
4470,454237;0;1;0;0
4630,545763;0;1;0;0
4630,645763;0;1;0;0
4630,845763;0;1;0;0
4631,045763;0;1;0;0
4631,145763;0;1;0;0
4631,245763;0;2;0;0
4631,345763;0;7;0;0
4631,445763;0;6;0;0
4631,545763;0;6;0;0
4631,645763;0;10;0;0
4631,745763;0;7;0;0
4631,845763;0;10;0;0
4631,945763;0;9;0;0
4632,045763;0;15;0;0
4632,145763;0;18;0;0
4632,245763;0;17;0;0
4632,345763;0;22;0;0
4632,445763;0;24;0;0
4632,545763;0;23;0;0
4632,645763;0;13;0;0
4632,745763;0;25;0;0
4632,845763;0;22;0;0
4632,945763;0;37;0;0
4633,045763;0;31;0;0
4633,145763;0;34;0;0
4633,245763;0;39;0;0
4633,345763;0;39;0;0
4633,445763;0;36;0;0
4633,545763;0;29;0;0
4633,645763;0;34;0;0
4633,745763;0;32;0;0
4633,845763;0;49;0;0
4633,945763;0;29;0;0
4634,045763;0;30;0;0
4634,145763;0;35;0;0
4634,245763;0;37;0;0
4634,345763;0;33;0;0
4634,445763;0;26;0;0
4634,545763;0;34;0;0
4634,645763;0;28;0;0
4634,745763;0;28;0;0
4634,845763;0;37;0;0
4634,945763;0;24;0;0
4635,045763;0;31;0;0
4635,145763;0;14;0;0
4635,245763;0;27;0;0
4635,345763;0;24;0;0
4635,445763;0;24;0;0
4635,545763;0;16;0;0
4635,645763;0;12;0;0
4635,745763;0;15;0;0
4635,845763;0;13;0;0
4635,945763;0;7;0;0
4636,045763;0;10;0;0
4636,145763;0;10;0;0
4636,245763;0;10;0;0
4636,345763;0;8;0;0
4636,445763;0;4;0;0
4636,545763;0;4;0;0
4636,645763;0;1;0;0
4636,745763;0;2;0;0
4636,845763;0;3;0;0
4636,945763;0;4;0;0
4637,045763;0;1;0;0
4637,145763;0;2;0;0
4637,245763;0;2;0;0
4637,345763;0;3;0;0
4637,445763;0;2;0;0
4637,545763;0;2;0;0
4637,645763;0;3;0;0
4637,945763;0;3;0;0
4638,045763;0;2;0;0
4641,945763;0;1;0;0
4644,445763;0;1;0;0
4799,937288;0;1;0;0
4800,437288;0;1;0;0
4800,537288;0;1;0;0
4800,637288;0;3;0;0
4800,737288;0;3;0;0
4800,837288;0;4;0;0
4800,937288;0;6;0;0
4801,037288;0;5;0;0
4801,137288;0;5;0;0
4801,237288;0;10;0;0
4801,337288;0;7;0;0
4801,437288;0;10;0;0
4801,537288;0;5;0;0
4801,637288;0;13;0;0
4801,737288;0;18;0;0
4801,837288;0;20;0;0
4801,937288;0;19;0;0
4802,037288;0;24;0;0
4802,137288;0;26;0;0
4802,237288;0;32;0;0
4802,337288;0;28;0;0
4802,437288;0;36;0;0
4802,537288;0;24;0;0
4802,637288;0;28;0;0
4802,737288;0;31;0;0
4802,837288;0;30;0;0
4802,937288;0;24;0;0
4803,037288;0;27;0;0
4803,137288;0;33;0;0
4803,237288;0;32;0;0
4803,337288;0;32;0;0
4803,437288;0;37;0;0
4803,537288;0;38;0;0
4803,637288;0;24;0;0
4803,737288;0;18;0;0
4803,837288;0;25;0;0
4803,937288;0;23;0;0
4804,037288;0;30;0;0
4804,137288;0;34;0;0
4804,237288;0;22;0;0
4804,337288;0;16;0;0
4804,437288;0;30;0;0
4804,537288;0;17;0;0
4804,637288;0;21;0;0
4804,737288;0;26;0;0
4804,837288;0;11;0;0
4804,937288;0;16;0;0
4805,037288;0;17;0;0
4805,137288;0;15;0;0
4805,237288;0;14;0;0
4805,337288;0;6;0;0
4805,437288;0;9;0;0
4805,537288;0;9;0;0
4805,637288;0;8;0;0
4805,737288;0;6;0;0
4805,837288;0;9;0;0
4805,937288;0;8;0;0
4806,037288;0;3;0;0
4806,137288;0;10;0;0
4806,237288;0;4;0;0
4806,337288;0;4;0;0
4806,437288;0;3;0;0
4806,537288;0;1;0;0
4806,637288;0;4;0;0
4806,737288;0;3;0;0
4806,837288;0;1;0;0
4806,937288;0;1;0;0
4807,037288;0;1;0;0
4807,137288;0;1;0;0
4807,237288;0;2;0;0
4807,537288;0;1;0;0
4807,637288;0;1;0;0
4808,137288;0;2;0;0
4808,437288;0;1;0;0
4808,737288;0;1;0;0
4808,837288;0;1;0;0
4810,537288;0;1;0;0
4969,728814;0;1;0;0
4969,828814;0;1;0;0
4969,928814;0;1;0;0
4970,028814;0;1;0;0
4970,128814;0;3;0;0
4970,228814;0;3;0;0
4970,328814;0;1;0;0
4970,428814;0;2;0;0
4970,528814;0;5;0;0
4970,628814;0;5;0;0
4970,728814;0;6;0;0
4970,828814;0;4;0;0
4970,928814;0;3;0;0
4971,028814;0;10;0;0
4971,128814;0;12;0;0
4971,228814;0;12;0;0
4971,328814;0;8;0;0
4971,428814;0;9;0;0
4971,528814;0;16;0;0
4971,628814;0;17;0;0
4971,728814;0;10;0;0
4971,828814;0;7;0;0
4971,928814;0;16;0;0
4972,028814;0;22;0;0
4972,128814;0;16;0;0
4972,228814;0;22;0;0
4972,328814;0;20;0;0
4972,428814;0;28;0;0
4972,528814;0;22;0;0
4972,628814;0;24;0;0
4972,728814;0;22;0;0
4972,828814;0;24;0;0
4972,928814;0;33;0;0
4973,028814;0;34;0;0
4973,128814;0;18;0;0
4973,228814;0;22;0;0
4973,328814;0;27;0;0
4973,428814;0;15;0;0
4973,528814;0;20;0;0
4973,628814;0;19;0;0
4973,728814;0;14;0;0
4973,828814;0;13;0;0
4973,928814;0;13;0;0
4974,028814;0;15;0;0
4974,128814;0;11;0;0
4974,228814;0;13;0;0
4974,328814;0;12;0;0
4974,428814;0;10;0;0
4974,528814;0;14;0;0
4974,628814;0;14;0;0
4974,728814;0;7;0;0
4974,828814;0;6;0;0
4974,928814;0;8;0;0
4975,028814;0;7;0;0
4975,128814;0;6;0;0
4975,228814;0;3;0;0
4975,328814;0;3;0;0
4975,428814;0;3;0;0
4975,528814;0;5;0;0
4975,628814;0;1;0;0
4975,728814;0;3;0;0
4975,828814;0;6;0;0
4975,928814;0;3;0;0
4976,028814;0;3;0;0
4976,128814;0;1;0;0
4976,228814;0;3;0;0
4976,328814;0;1;0;0
4976,428814;0;1;0;0
4976,528814;0;1;0;0
4976,828814;0;1;0;0
4976,928814;0;1;0;0
4977,428814;0;1;0;0
4979,328814;0;1;0;0
4979,928814;0;1;0;0
4980,028814;0;1;0;0
4980,828814;0;1;0;0
5139,420339;0;1;0;0
5139,520339;0;1;0;0
5139,620339;0;1;0;0
5139,820339;0;3;0;0
5139,920339;0;1;0;0
5140,020339;0;3;0;0
5140,120339;0;1;0;0
5140,220339;0;2;0;0
5140,320339;0;3;0;0
5140,420339;0;7;0;0
5140,520339;0;2;0;0
5140,620339;0;8;0;0
5140,720339;0;7;0;0
5140,820339;0;10;0;0
5140,920339;0;10;0;0
5141,020339;0;6;0;0
5141,120339;0;11;0;0
5141,220339;0;14;0;0
5141,320339;0;11;0;0
5141,420339;0;11;0;0
5141,520339;0;10;0;0
5141,620339;0;12;0;0
5141,720339;0;14;0;0
5141,820339;0;14;0;0
5141,920339;0;22;0;0
5142,020339;0;14;0;0
5142,120339;0;15;0;0
5142,220339;0;20;0;0
5142,320339;0;23;0;0
5142,420339;0;15;0;0
5142,520339;0;16;0;0
5142,620339;0;24;0;0
5142,720339;0;17;0;0
5142,820339;0;23;0;0
5142,920339;0;21;0;0
5143,020339;0;12;0;0
5143,120339;0;18;0;0
5143,220339;0;14;0;0
5143,320339;0;13;0;0
5143,420339;0;14;0;0
5143,520339;0;13;0;0
5143,620339;0;9;0;0
5143,720339;0;7;0;0
5143,820339;0;7;0;0
5143,920339;0;8;0;0
5144,020339;0;8;0;0
5144,120339;0;7;0;0
5144,220339;0;9;0;0
5144,320339;0;7;0;0
5144,420339;0;5;0;0
5144,520339;0;8;0;0
5144,620339;0;4;0;0
5144,720339;0;1;0;0
5144,820339;0;7;0;0
5144,920339;0;7;0;0
5145,020339;0;5;0;0
5145,220339;0;2;0;0
5145,320339;0;3;0;0
5145,420339;0;1;0;0
5145,520339;0;1;0;0
5145,720339;0;2;0;0
5146,320339;0;2;0;0
5146,520339;0;1;0;0
5147,020339;0;1;0;0
5147,120339;0;1;0;0
5147,220339;0;1;0;0
5147,620339;0;1;0;0
5148,020339;0;1;0;0
5148,220339;0;1;0;0
5149,720339;0;1;0;0
5309,111864;0;1;0;0
5309,211864;0;2;0;0
5309,311864;0;1;0;0
5309,411864;0;2;0;0
5309,511864;0;1;0;0
5309,611864;0;2;0;0
5309,711864;0;5;0;0
5309,811864;0;1;0;0
5309,911864;0;5;0;0
5310,011864;0;2;0;0
5310,111864;0;7;0;0
5310,211864;0;2;0;0
5310,311864;0;4;0;0
5310,411864;0;8;0;0
5310,511864;0;5;0;0
5310,611864;0;8;0;0
5310,711864;0;8;0;0
5310,811864;0;7;0;0
5310,911864;0;15;0;0
5311,011864;0;8;0;0
5311,111864;0;8;0;0
5311,211864;0;11;0;0
5311,311864;0;14;0;0
5311,411864;0;15;0;0
5311,511864;0;14;0;0
5311,611864;0;14;0;0
5311,711864;0;9;0;0
5311,811864;0;15;0;0
5311,911864;0;8;0;0
5312,011864;0;12;0;0
5312,111864;0;11;0;0
5312,211864;0;10;0;0
5312,311864;0;8;0;0
5312,411864;0;5;0;0
5312,511864;0;15;0;0
5312,611864;0;8;0;0
5312,711864;0;10;0;0
5312,811864;0;9;0;0
5312,911864;0;6;0;0
5313,011864;0;13;0;0
5313,111864;0;4;0;0
5313,211864;0;5;0;0
5313,311864;0;4;0;0
5313,411864;0;5;0;0
5313,511864;0;6;0;0
5313,611864;0;6;0;0
5313,711864;0;3;0;0
5313,811864;0;5;0;0
5313,911864;0;1;0;0
5314,011864;0;4;0;0
5314,111864;0;1;0;0
5314,211864;0;1;0;0
5314,411864;0;2;0;0
5314,511864;0;2;0;0
5314,611864;0;2;0;0
5314,711864;0;1;0;0
5314,811864;0;2;0;0
5314,911864;0;2;0;0
5315,011864;0;2;0;0
5315,111864;0;3;0;0
5315,411864;0;2;0;0
5315,711864;0;1;0;0
5315,911864;0;1;0;0
5316,411864;0;2;0;0
5317,111864;0;1;0;0
5317,711864;0;1;0;0
5433,711864;1;0;0;0
5478,90339;0;1;0;0
5479,20339;0;2;0;0
5479,30339;0;1;0;0
5479,40339;0;2;0;0
5479,50339;0;1;0;0
5479,60339;0;3;0;0
5479,70339;0;1;0;0
5479,80339;0;1;0;0
5479,90339;0;2;0;0
5480,00339;0;4;0;0
5480,10339;0;3;0;0
5480,20339;0;8;0;0
5480,30339;0;7;0;0
5480,40339;0;6;0;0
5480,50339;0;5;0;0
5480,60339;0;4;0;0
5480,70339;0;4;0;0
5480,80339;0;6;0;0
5480,90339;0;12;0;0
5481,00339;0;7;0;0
5481,10339;0;4;0;0
5481,20339;0;4;0;0
5481,30339;0;8;0;0
5481,40339;0;7;0;0
5481,50339;0;7;0;0
5481,60339;0;8;0;0
5481,70339;0;5;0;0
5481,80339;0;3;0;0
5481,90339;0;5;0;0
5482,00339;0;2;0;0
5482,10339;0;6;0;0
5482,20339;0;3;0;0
5482,30339;0;7;0;0
5482,40339;0;5;0;0
5482,50339;0;5;0;0
5482,60339;0;5;0;0
5482,70339;0;2;0;0
5482,80339;0;9;0;0
5482,90339;0;6;0;0
5483,00339;0;4;0;0
5483,10339;0;3;0;0
5483,20339;0;4;0;0
5483,30339;0;3;0;0
5483,40339;0;1;0;0
5483,50339;0;3;0;0
5483,60339;0;2;0;0
5483,70339;0;2;0;0
5483,80339;0;2;0;0
5483,90339;0;4;0;0
5484,00339;0;3;0;0
5484,10339;0;1;0;0
5484,20339;0;3;0;0
5484,30339;0;2;0;0
5484,40339;0;2;0;0
5484,60339;0;4;0;0
5485,50339;0;1;0;0
5485,90339;0;1;0;0
5486,00339;0;1;0;0
5487,00339;0;1;0;0
5487,40339;0;1;0;0
5490,20339;0;1;0;0
5648,494915;0;1;0;0
5648,694915;0;2;0;0
5648,794915;0;1;0;0
5648,894915;0;2;0;0
5648,994915;0;1;0;0
5649,094915;0;2;0;0
5649,194915;0;2;0;0
5649,294915;0;2;0;0
5649,394915;0;3;0;0
5649,494915;0;1;0;0
5649,594915;0;2;0;0
5649,694915;0;3;0;0
5649,794915;0;2;0;0
5649,894915;0;4;0;0
5649,994915;0;3;0;0
5650,094915;0;5;0;0
5650,194915;0;5;0;0
5650,294915;0;5;0;0
5650,394915;0;5;0;0
5650,494915;0;3;0;0
5650,694915;0;5;0;0
5650,794915;0;5;0;0
5650,894915;0;7;0;0
5650,994915;0;6;0;0
5651,094915;0;3;0;0
5651,194915;0;3;0;0
5651,294915;0;5;0;0
5651,394915;0;3;0;0
5651,494915;0;6;0;0
5651,594915;0;2;0;0
5651,694915;0;3;0;0
5651,794915;0;1;0;0
5651,894915;0;2;0;0
5651,994915;0;1;0;0
5652,094915;0;2;0;0
5652,294915;0;2;0;0
5652,394915;0;2;0;0
5652,494915;0;3;0;0
5652,594915;0;5;0;0
5652,694915;0;1;0;0
5652,794915;0;3;0;0
5652,894915;0;2;0;0
5652,994915;0;1;0;0
5653,194915;0;2;0;0
5653,494915;0;1;0;0
5653,594915;0;4;0;0
5654,294915;0;1;0;0
5654,394915;0;1;0;0
5654,594915;0;1;0;0
5654,694915;0;1;0;0
5657,394915;0;1;0;0
5659,394915;0;1;0;0
5768,794915;1;0;0;0
5817,686441;0;1;0;0
5818,386441;0;1;0;0
5818,586441;0;1;0;0
5818,686441;0;1;0;0
5818,886441;0;1;0;0
5819,286441;0;1;0;0
5819,386441;0;1;0;0
5819,486441;0;1;0;0
5819,586441;0;3;0;0
5819,686441;0;1;0;0
5819,786441;0;2;0;0
5819,886441;0;2;0;0
5819,986441;0;1;0;0
5820,086441;0;5;0;0
5820,186441;0;5;0;0
5820,286441;0;1;0;0
5820,386441;0;3;0;0
5820,486441;0;1;0;0
5820,586441;0;1;0;0
5820,686441;0;1;0;0
5820,786441;0;5;0;0
5820,886441;0;2;0;0
5820,986441;0;1;0;0
5821,086441;0;2;0;0
5821,286441;0;2;0;0
5821,386441;0;1;0;0
5821,486441;0;2;0;0
5821,586441;0;4;0;0
5821,686441;0;1;0;0
5821,786441;0;1;0;0
5821,886441;0;1;0;0
5821,986441;0;2;0;0
5822,086441;0;1;0;0
5822,186441;0;3;0;0
5822,286441;0;4;0;0
5822,686441;0;1;0;0
5823,186441;0;1;0;0
5823,586441;0;1;0;0
5828,686441;0;1;0;0
5936,386441;1;0;0;0
5988,177966;0;2;0;0
5988,277966;0;1;0;0
5988,477966;0;2;0;0
5988,577966;0;1;0;0
5989,177966;0;2;0;0
5989,477966;0;1;0;0
5989,777966;0;2;0;0
5989,977966;0;2;0;0
5990,477966;0;5;0;0
5990,777966;0;1;0;0
5990,977966;0;1;0;0
5991,077966;0;2;0;0
5991,177966;0;1;0;0
5991,377966;0;4;0;0
5991,677966;0;1;0;0
5991,877966;0;1;0;0
5992,277966;0;1;0;0
6108,377966;1;0;0;0
6158,569492;0;1;0;0
6159,269492;0;1;0;0
6159,569492;0;1;0;0
6159,969492;0;2;0;0
6160,569492;0;1;0;0
6160,669492;0;1;0;0
6161,069492;0;2;0;0
6161,169492;0;1;0;0
6161,269492;0;1;0;0
6162,469492;0;1;0;0
6162,669492;0;1;0;0
6163,069492;0;1;0;0
6272,269492;1;0;0;0
6274,769492;1;0;0;0
6276,669492;1;0;0;0
6326,761017;0;1;0;0
6327,361017;0;1;0;0
6329,661017;0;1;0;0
6329,761017;0;1;0;0
6330,261017;0;1;0;0
6498,752542;0;1;0;0
6613,152542;1;0;0;0
6615,752542;1;0;0;0
6617,952542;1;0;0;0
6783,744068;1;0;0;0
6784,944068;1;0;0;0
6785,644068;1;0;0;0
6785,944068;1;0;0;0
6786,144068;1;0;0;0
6788,344068;1;0;0;0
6790,144068;1;0;0;0
6794,144068;1;0;0;0
6952,735593;1;0;0;0
6952,835593;1;0;0;0
6952,935593;1;0;0;0
6953,535593;1;0;0;0
6954,835593;1;0;0;0
6955,035593;1;0;0;0
6956,335593;1;0;0;0
6957,335593;1;0;0;0
6957,435593;1;0;0;0
6959,035593;1;0;0;0
6962,735593;1;0;0;0
7123,827119;1;0;0;0
7124,127119;1;0;0;0
7124,327119;1;0;0;0
7124,427119;1;0;0;0
7124,727119;2;0;0;0
7124,927119;1;0;0;0
7125,527119;1;0;0;0
7126,227119;2;0;0;0
7131,727119;1;0;0;0
7133,527119;1;0;0;0
7138,827119;1;0;0;0
7290,918644;1;0;0;0
7291,218644;1;0;0;0
7293,018644;1;0;0;0
7293,818644;1;0;0;0
7293,918644;1;0;0;0
7294,318644;1;0;0;0
7294,918644;1;0;0;0
7295,018644;1;0;0;0
7295,318644;1;0;0;0
7295,418644;1;0;0;0
7295,718644;2;0;0;0
7295,918644;1;0;0;0
7296,018644;1;0;0;0
7296,318644;1;0;0;0
7297,118644;1;0;0;0
7297,218644;1;0;0;0
7297,418644;1;0;0;0
7297,618644;1;0;0;0
7297,718644;1;0;0;0
7299,618644;1;0;0;0
7299,918644;1;0;0;0
7301,718644;1;0;0;0
7302,418644;1;0;0;0
7305,118644;1;0;0;0
7460,410169;2;0;0;0
7460,910169;1;0;0;0
7461,010169;1;0;0;0
7461,110169;1;0;0;0
7461,810169;1;0;0;0
7462,710169;1;0;0;0
7462,910169;2;0;0;0
7463,210169;1;0;0;0
7463,610169;1;0;0;0
7464,010169;1;0;0;0
7464,210169;2;0;0;0
7464,410169;1;0;0;0
7464,510169;1;0;0;0
7464,610169;1;0;0;0
7464,710169;1;0;0;0
7465,110169;1;0;0;0
7465,310169;1;0;0;0
7465,410169;1;0;0;0
7465,610169;1;0;0;0
7465,810169;1;0;0;0
7466,310169;1;0;0;0
7466,510169;1;0;0;0
7466,710169;1;0;0;0
7466,910169;2;0;0;0
7467,010169;1;0;0;0
7467,510169;1;0;0;0
7468,010169;1;0;0;0
7468,110169;1;0;0;0
7468,410169;1;0;0;0
7469,010169;1;0;0;0
7469,210169;1;0;0;0
7469,510169;1;0;0;0
7469,910169;1;0;0;0
7470,010169;1;0;0;0
7470,310169;1;0;0;0
7470,510169;1;0;0;0
7471,810169;1;0;0;0
7473,710169;1;0;0;0
7629,001695;1;0;0;0
7629,701695;1;0;0;0
7631,001695;1;0;0;0
7631,101695;1;0;0;0
7631,201695;1;0;0;0
7631,601695;1;0;0;0
7631,701695;2;0;0;0
7632,201695;1;0;0;0
7632,301695;2;0;0;0
7632,701695;1;0;0;0
7632,801695;1;0;0;0
7633,001695;1;0;0;0
7633,101695;1;0;0;0
7633,201695;3;0;0;0
7633,301695;2;0;0;0
7633,501695;3;0;0;0
7633,701695;1;0;0;0
7633,801695;1;0;0;0
7634,101695;2;0;0;0
7634,201695;1;0;0;0
7634,301695;3;0;0;0
7634,601695;2;0;0;0
7634,801695;3;0;0;0
7634,901695;1;0;0;0
7635,101695;1;0;0;0
7635,301695;1;0;0;0
7635,401695;3;0;0;0
7635,601695;1;0;0;0
7635,801695;1;0;0;0
7635,901695;1;0;0;0
7636,001695;2;0;0;0
7636,101695;1;0;0;0
7636,301695;2;0;0;0
7636,501695;2;0;0;0
7636,701695;2;0;0;0
7636,901695;1;0;0;0
7637,101695;2;0;0;0
7637,301695;1;0;0;0
7637,401695;1;0;0;0
7638,001695;1;0;0;0
7638,101695;1;0;0;0
7638,401695;2;0;0;0
7638,501695;1;0;0;0
7638,601695;1;0;0;0
7638,701695;1;0;0;0
7638,901695;1;0;0;0
7639,001695;2;0;0;0
7639,401695;1;0;0;0
7639,901695;2;0;0;0
7640,401695;1;0;0;0
7640,701695;1;0;0;0
7641,001695;1;0;0;0
7641,301695;2;0;0;0
7641,901695;1;0;0;0
7642,201695;1;0;0;0
7642,501695;1;0;0;0
7643,201695;1;0;0;0
7643,401695;1;0;0;0
7644,601695;1;0;0;0
7799,29322;1;0;0;0
7799,39322;1;0;0;0
7799,89322;1;0;0;0
7800,49322;1;0;0;0
7800,59322;1;0;0;0
7800,89322;1;0;0;0
7800,99322;1;0;0;0
7801,29322;1;0;0;0
7801,69322;2;0;0;0
7801,89322;1;0;0;0
7801,99322;3;0;0;0
7802,09322;2;0;0;0
7802,19322;2;0;0;0
7802,29322;2;0;0;0
7802,39322;2;0;0;0
7802,49322;1;0;0;0
7802,59322;1;0;0;0
7802,69322;1;0;0;0
7802,79322;2;0;0;0
7802,89322;1;0;0;0
7802,99322;2;0;0;0
7803,19322;1;0;0;0
7803,29322;1;0;0;0
7803,39322;1;0;0;0
7803,49322;1;0;0;0
7803,59322;3;0;0;0
7803,89322;1;0;0;0
7803,99322;3;0;0;0
7804,09322;1;0;0;0
7804,19322;1;0;0;0
7804,39322;2;0;0;0
7804,49322;1;0;0;0
7804,59322;3;0;0;0
7804,69322;1;0;0;0
7804,79322;3;0;0;0
7804,89322;1;0;0;0
7804,99322;1;0;0;0
7805,09322;1;0;0;0
7805,19322;1;0;0;0
7805,29322;2;0;0;0
7805,39322;2;0;0;0
7805,49322;4;0;0;0
7805,59322;1;0;0;0
7805,79322;1;0;0;0
7805,89322;4;0;0;0
7805,99322;1;0;0;0
7806,09322;2;0;0;0
7806,29322;1;0;0;0
7806,39322;2;0;0;0
7806,49322;1;0;0;0
7806,59322;1;0;0;0
7806,69322;2;0;0;0
7806,89322;4;0;0;0
7807,19322;2;0;0;0
7807,39322;2;0;0;0
7807,59322;2;0;0;0
7807,69322;1;0;0;0
7807,89322;2;0;0;0
7807,99322;1;0;0;0
7808,19322;2;0;0;0
7808,49322;1;0;0;0
7808,59322;1;0;0;0
7808,69322;2;0;0;0
7808,79322;1;0;0;0
7808,89322;1;0;0;0
7808,99322;2;0;0;0
7809,09322;1;0;0;0
7809,29322;1;0;0;0
7809,49322;1;0;0;0
7809,69322;1;0;0;0
7809,89322;1;0;0;0
7809,99322;2;0;0;0
7810,09322;2;0;0;0
7810,29322;3;0;0;0
7810,39322;1;0;0;0
7810,69322;1;0;0;0
7810,79322;2;0;0;0
7810,99322;2;0;0;0
7811,39322;3;0;0;0
7812,09322;1;0;0;0
7812,39322;2;0;0;0
7812,59322;1;0;0;0
7812,99322;1;0;0;0
7813,49322;1;0;0;0
7815,29322;1;0;0;0
7817,69322;1;0;0;0
7818,19322;1;0;0;0
7967,984746;1;0;0;0
7968,584746;1;0;0;0
7968,684746;1;0;0;0
7968,884746;1;0;0;0
7969,284746;1;0;0;0
7969,684746;1;0;0;0
7969,784746;1;0;0;0
7969,884746;1;0;0;0
7969,984746;1;0;0;0
7970,084746;3;0;0;0
7970,184746;3;0;0;0
7970,284746;1;0;0;0
7970,384746;2;0;0;0
7970,684746;1;0;0;0
7970,884746;1;0;0;0
7970,984746;2;0;0;0
7971,184746;1;0;0;0
7971,384746;2;0;0;0
7971,484746;1;0;0;0
7971,584746;1;0;0;0
7971,684746;1;0;0;0
7972,084746;2;0;0;0
7972,184746;3;0;0;0
7972,484746;2;0;0;0
7972,584746;4;0;0;0
7972,684746;2;0;0;0
7972,984746;2;0;0;0
7973,084746;3;0;0;0
7973,284746;3;0;0;0
7973,384746;5;0;0;0
7973,484746;4;0;0;0
7973,584746;4;0;0;0
7973,684746;1;0;0;0
7973,784746;3;0;0;0
7973,884746;3;0;0;0
7973,984746;3;0;0;0
7974,084746;1;0;0;0
7974,184746;1;0;0;0
7974,284746;2;0;0;0
7974,384746;2;0;0;0
7974,484746;1;0;0;0
7974,584746;4;0;0;0
7974,684746;1;0;0;0
7974,784746;2;0;0;0
7974,884746;4;0;0;0
7974,984746;8;0;0;0
7975,084746;4;0;0;0
7975,284746;4;0;0;0
7975,384746;4;0;0;0
7975,484746;1;0;0;0
7975,584746;1;0;0;0
7975,684746;3;0;0;0
7975,784746;2;0;0;0
7975,884746;1;0;0;0
7975,984746;2;0;0;0
7976,084746;1;0;0;0
7976,184746;2;0;0;0
7976,284746;5;0;0;0
7976,384746;4;0;0;0
7976,484746;8;0;0;0
7976,584746;4;0;0;0
7976,684746;4;0;0;0
7976,784746;4;0;0;0
7976,884746;1;0;0;0
7976,984746;1;0;0;0
7977,184746;2;0;0;0
7977,284746;2;0;0;0
7977,384746;1;0;0;0
7977,484746;2;0;0;0
7977,684746;1;0;0;0
7977,984746;1;0;0;0
7978,084746;1;0;0;0
7978,284746;2;0;0;0
7978,384746;1;0;0;0
7978,484746;5;0;0;0
7978,584746;1;0;0;0
7978,984746;1;0;0;0
7979,084746;4;0;0;0
7979,184746;2;0;0;0
7979,284746;2;0;0;0
7979,384746;3;0;0;0
7979,484746;1;0;0;0
7979,584746;2;0;0;0
7979,684746;1;0;0;0
7979,784746;2;0;0;0
7980,184746;1;0;0;0
7980,484746;1;0;0;0
7980,584746;1;0;0;0
7980,984746;1;0;0;0
7981,084746;1;0;0;0
7981,484746;1;0;0;0
7981,684746;1;0;0;0
7982,184746;1;0;0;0
7982,284746;1;0;0;0
7982,384746;2;0;0;0
7982,584746;2;0;0;0
7982,884746;2;0;0;0
7986,484746;1;0;0;0
7986,784746;1;0;0;0
7987,884746;1;0;0;0
7989,384746;1;0;0;0
7992,684746;1;0;0;0
7993,984746;1;0;0;0
8137,076271;1;0;0;0
8138,276271;2;0;0;0
8138,576271;1;0;0;0
8138,676271;1;0;0;0
8138,976271;1;0;0;0
8139,076271;1;0;0;0
8139,276271;2;0;0;0
8139,576271;2;0;0;0
8139,676271;1;0;0;0
8139,776271;1;0;0;0
8139,876271;3;0;0;0
8139,976271;4;0;0;0
8140,076271;3;0;0;0
8140,176271;1;0;0;0
8140,276271;1;0;0;0
8140,376271;3;0;0;0
8140,476271;1;0;0;0
8140,776271;1;0;0;0
8140,876271;1;0;0;0
8140,976271;2;0;0;0
8141,076271;5;0;0;0
8141,176271;2;0;0;0
8141,276271;4;0;0;0
8141,376271;4;0;0;0
8141,476271;3;0;0;0
8141,676271;2;0;0;0
8141,776271;5;0;0;0
8141,876271;2;0;0;0
8141,976271;3;0;0;0
8142,076271;2;0;0;0
8142,176271;1;0;0;0
8142,276271;4;0;0;0
8142,376271;1;0;0;0
8142,476271;5;0;0;0
8142,576271;9;0;0;0
8142,676271;2;0;0;0
8142,776271;3;0;0;0
8142,876271;4;0;0;0
8142,976271;3;0;0;0
8143,076271;4;0;0;0
8143,176271;2;0;0;0
8143,276271;1;0;0;0
8143,376271;4;0;0;0
8143,476271;6;0;0;0
8143,576271;3;0;0;0
8143,776271;2;0;0;0
8143,876271;4;0;0;0
8143,976271;5;0;0;0
8144,076271;4;0;0;0
8144,176271;2;0;0;0
8144,276271;6;0;0;0
8144,376271;7;0;0;0
8144,476271;4;0;0;0
8144,576271;3;0;0;0
8144,676271;7;0;0;0
8144,776271;4;0;0;0
8144,876271;3;0;0;0
8144,976271;4;0;0;0
8145,076271;4;0;0;0
8145,176271;3;0;0;0
8145,276271;6;0;0;0
8145,376271;4;0;0;0
8145,476271;4;0;0;0
8145,576271;7;0;0;0
8145,676271;1;0;0;0
8145,776271;4;0;0;0
8145,876271;2;0;0;0
8145,976271;6;0;0;0
8146,076271;7;0;0;0
8146,176271;2;0;0;0
8146,276271;2;0;0;0
8146,376271;1;0;0;0
8146,476271;2;0;0;0
8146,576271;3;0;0;0
8146,676271;3;0;0;0
8146,876271;6;0;0;0
8146,976271;5;0;0;0
8147,076271;4;0;0;0
8147,176271;2;0;0;0
8147,276271;4;0;0;0
8147,376271;4;0;0;0
8147,476271;4;0;0;0
8147,576271;7;0;0;0
8147,676271;2;0;0;0
8147,776271;4;0;0;0
8147,876271;5;0;0;0
8147,976271;3;0;0;0
8148,076271;2;0;0;0
8148,176271;2;0;0;0
8148,276271;1;0;0;0
8148,376271;2;0;0;0
8148,476271;3;0;0;0
8148,576271;2;0;0;0
8148,676271;2;0;0;0
8148,776271;4;0;0;0
8148,876271;2;0;0;0
8148,976271;2;0;0;0
8149,076271;1;0;0;0
8149,176271;4;0;0;0
8149,276271;3;0;0;0
8149,376271;2;0;0;0
8149,476271;1;0;0;0
8149,576271;4;0;0;0
8149,676271;1;0;0;0
8149,776271;2;0;0;0
8149,876271;1;0;0;0
8149,976271;1;0;0;0
8150,076271;4;0;0;0
8150,176271;1;0;0;0
8150,276271;1;0;0;0
8150,376271;1;0;0;0
8150,476271;1;0;0;0
8150,576271;1;0;0;0
8150,676271;2;0;0;0
8150,776271;1;0;0;0
8150,976271;1;0;0;0
8151,076271;2;0;0;0
8151,376271;1;0;0;0
8151,476271;1;0;0;0
8152,176271;1;0;0;0
8152,376271;3;0;0;0
8152,476271;1;0;0;0
8152,676271;2;0;0;0
8152,876271;2;0;0;0
8153,176271;2;0;0;0
8153,276271;2;0;0;0
8153,376271;1;0;0;0
8153,576271;1;0;0;0
8153,876271;1;0;0;0
8154,476271;1;0;0;0
8154,676271;3;0;0;0
8154,976271;1;0;0;0
8155,176271;1;0;0;0
8156,776271;1;0;0;0
8157,176271;1;0;0;0
8159,076271;1;0;0;0
8160,076271;1;0;0;0
8161,076271;1;0;0;0
8162,076271;1;0;0;0
8306,167797;1;0;0;0
8307,267797;1;0;0;0
8307,367797;1;0;0;0
8308,467797;1;0;0;0
8309,067797;1;0;0;0
8309,167797;1;0;0;0
8309,267797;4;0;0;0
8309,367797;1;0;0;0
8309,467797;3;0;0;0
8309,567797;4;0;0;0
8309,667797;1;0;0;0
8309,867797;2;0;0;0
8310,067797;1;0;0;0
8310,167797;1;0;0;0
8310,367797;2;0;0;0
8310,467797;3;0;0;0
8310,567797;3;0;0;0
8310,667797;1;0;0;0
8310,767797;4;0;0;0
8310,867797;1;0;0;0
8310,967797;2;0;0;0
8311,067797;4;0;0;0
8311,167797;3;0;0;0
8311,267797;3;0;0;0
8311,367797;5;0;0;0
8311,467797;3;0;0;0
8311,567797;3;0;0;0
8311,667797;2;0;0;0
8311,767797;5;0;0;0
8311,867797;2;0;0;0
8311,967797;2;0;0;0
8312,067797;4;0;0;0
8312,167797;4;0;0;0
8312,267797;3;0;0;0
8312,367797;3;0;0;0
8312,467797;4;0;0;0
8312,567797;3;0;0;0
8312,667797;4;0;0;0
8312,767797;2;0;0;0
8312,867797;6;0;0;0
8312,967797;3;0;0;0
8313,067797;2;0;0;0
8313,267797;2;0;0;0
8313,367797;9;0;0;0
8313,467797;5;0;0;0
8313,567797;5;0;0;0
8313,667797;10;0;0;0
8313,767797;3;0;0;0
8313,867797;7;0;0;0
8313,967797;4;0;0;0
8314,067797;7;0;0;0
8314,167797;8;0;0;0
8314,267797;2;0;0;0
8314,367797;3;0;0;0
8314,467797;6;0;0;0
8314,567797;4;0;0;0
8314,667797;4;0;0;0
8314,767797;4;0;0;0
8314,867797;4;0;0;0
8314,967797;5;0;0;0
8315,067797;4;0;0;0
8315,167797;7;0;0;0
8315,267797;10;0;0;0
8315,367797;4;0;0;0
8315,467797;6;0;0;0
8315,567797;9;0;0;0
8315,667797;6;0;0;0
8315,767797;5;0;0;0
8315,867797;5;0;0;0
8315,967797;5;0;0;0
8316,067797;2;0;0;0
8316,167797;6;0;0;0
8316,267797;7;0;0;0
8316,367797;3;0;0;0
8316,467797;3;0;0;0
8316,567797;6;0;0;0
8316,667797;3;0;0;0
8316,767797;4;0;0;0
8316,867797;4;0;0;0
8316,967797;1;0;0;0
8317,067797;2;0;0;0
8317,167797;1;0;0;0
8317,267797;5;0;0;0
8317,367797;3;0;0;0
8317,467797;8;0;0;0
8317,567797;2;0;0;0
8317,667797;7;0;0;0
8317,767797;5;0;0;0
8317,867797;2;0;0;0
8317,967797;6;0;0;0
8318,067797;1;0;0;0
8318,167797;4;0;0;0
8318,267797;3;0;0;0
8318,367797;3;0;0;0
8318,467797;3;0;0;0
8318,567797;3;0;0;0
8318,667797;4;0;0;0
8318,767797;2;0;0;0
8318,867797;3;0;0;0
8318,967797;3;0;0;0
8319,067797;4;0;0;0
8319,167797;3;0;0;0
8319,267797;6;0;0;0
8319,367797;3;0;0;0
8319,467797;7;0;0;0
8319,567797;2;0;0;0
8319,967797;2;0;0;0
8320,067797;3;0;0;0
8320,267797;3;0;0;0
8320,367797;5;0;0;0
8320,467797;1;0;0;0
8320,567797;3;0;0;0
8320,667797;2;0;0;0
8320,967797;1;0;0;0
8321,067797;2;0;0;0
8321,267797;1;0;0;0
8321,367797;1;0;0;0
8321,467797;1;0;0;0
8321,567797;1;0;0;0
8321,667797;1;0;0;0
8321,867797;3;0;0;0
8321,967797;1;0;0;0
8322,167797;1;0;0;0
8322,267797;1;0;0;0
8322,367797;1;0;0;0
8322,667797;1;0;0;0
8322,867797;1;0;0;0
8322,967797;1;0;0;0
8323,167797;1;0;0;0
8323,267797;1;0;0;0
8323,567797;2;0;0;0
8323,667797;1;0;0;0
8323,767797;4;0;0;0
8323,867797;1;0;0;0
8323,967797;1;0;0;0
8324,667797;3;0;0;0
8324,967797;1;0;0;0
8325,367797;1;0;0;0
8325,767797;1;0;0;0
8325,867797;1;0;0;0
8326,167797;1;0;0;0
8326,867797;1;0;0;0
8327,167797;1;0;0;0
8327,267797;1;0;0;0
8327,767797;1;0;0;0
8328,467797;1;0;0;0
8328,567797;1;0;0;0
8328,667797;1;0;0;0
8328,767797;1;0;0;0
8329,067797;1;0;0;0
8330,167797;1;0;0;0
8330,367797;2;0;0;0
8332,267797;1;0;0;0
8333,467797;1;0;0;0
8334,567797;1;0;0;0
8334,767797;1;0;0;0
8335,267797;1;0;0;0
8338,867797;1;0;0;0
8339,967797;1;0;0;0
8342,067797;1;0;0;0
8475,959322;1;0;0;0
8476,059322;1;0;0;0
8476,259322;1;0;0;0
8476,659322;1;0;0;0
8476,859322;1;0;0;0
8477,459322;1;0;0;0
8477,559322;2;0;0;0
8477,759322;1;0;0;0
8477,859322;1;0;0;0
8478,159322;2;0;0;0
8478,259322;2;0;0;0
8478,359322;2;0;0;0
8478,459322;2;0;0;0
8478,659322;2;0;0;0
8478,759322;4;0;0;0
8478,859322;3;0;0;0
8478,959322;3;0;0;0
8479,059322;1;0;0;0
8479,259322;6;0;0;0
8479,359322;1;0;0;0
8479,459322;3;0;0;0
8479,559322;2;0;0;0
8479,659322;2;0;0;0
8479,759322;1;0;0;0
8479,859322;7;0;0;0
8479,959322;2;0;0;0
8480,059322;5;0;0;0
8480,159322;10;0;0;0
8480,259322;4;0;0;0
8480,359322;3;0;0;0
8480,559322;3;0;0;0
8480,659322;4;0;0;0
8480,759322;4;0;0;0
8480,859322;1;0;0;0
8480,959322;4;0;0;0
8481,059322;3;0;0;0
8481,159322;3;0;0;0
8481,259322;6;0;0;0
8481,359322;2;0;0;0
8481,459322;6;0;0;0
8481,559322;4;0;0;0
8481,659322;2;0;0;0
8481,759322;4;0;0;0
8481,859322;2;0;0;0
8481,959322;6;0;0;0
8482,059322;8;0;0;0
8482,159322;3;0;0;0
8482,259322;5;0;0;0
8482,359322;4;0;0;0
8482,459322;6;0;0;0
8482,559322;3;0;0;0
8482,659322;9;0;0;0
8482,759322;7;0;0;0
8482,859322;6;0;0;0
8482,959322;7;0;0;0
8483,059322;9;0;0;0
8483,159322;11;0;0;0
8483,259322;7;0;0;0
8483,359322;6;0;0;0
8483,459322;18;0;0;0
8483,559322;10;0;0;0
8483,659322;2;0;0;0
8483,759322;8;0;0;0
8483,859322;6;0;0;0
8483,959322;10;0;0;0
8484,059322;4;0;0;0
8484,159322;5;0;0;0
8484,259322;6;0;0;0
8484,359322;7;0;0;0
8484,459322;7;0;0;0
8484,559322;7;0;0;0
8484,659322;12;0;0;0
8484,759322;5;0;0;0
8484,859322;6;0;0;0
8484,959322;6;0;0;0
8485,059322;6;0;0;0
8485,159322;5;0;0;0
8485,259322;7;0;0;0
8485,359322;7;0;0;0
8485,459322;7;0;0;0
8485,559322;3;0;0;0
8485,659322;4;0;0;0
8485,759322;5;0;0;0
8485,859322;3;0;0;0
8485,959322;9;0;0;0
8486,059322;7;0;0;0
8486,159322;4;0;0;0
8486,259322;13;0;0;0
8486,359322;7;0;0;0
8486,459322;7;0;0;0
8486,559322;4;0;0;0
8486,659322;6;0;0;0
8486,759322;2;0;0;0
8486,859322;3;0;0;0
8486,959322;11;0;0;0
8487,059322;7;0;0;0
8487,159322;6;0;0;0
8487,259322;3;0;0;0
8487,359322;4;0;0;0
8487,459322;2;0;0;0
8487,559322;6;0;0;0
8487,659322;1;0;0;0
8487,759322;6;0;0;0
8487,859322;3;0;0;0
8488,059322;3;0;0;0
8488,159322;1;0;0;0
8488,259322;2;0;0;0
8488,359322;4;0;0;0
8488,459322;3;0;0;0
8488,559322;2;0;0;0
8488,659322;5;0;0;0
8488,759322;2;0;0;0
8488,859322;9;0;0;0
8488,959322;4;0;0;0
8489,059322;4;0;0;0
8489,159322;1;0;0;0
8489,259322;6;0;0;0
8489,359322;4;0;0;0
8489,459322;2;0;0;0
8489,559322;4;0;0;0
8489,659322;7;0;0;0
8489,759322;5;0;0;0
8489,859322;6;0;0;0
8489,959322;3;0;0;0
8490,059322;4;0;0;0
8490,159322;3;0;0;0
8490,259322;3;0;0;0
8490,359322;4;0;0;0
8490,559322;1;0;0;0
8490,659322;1;0;0;0
8490,759322;3;0;0;0
8490,859322;2;0;0;0
8490,959322;2;0;0;0
8491,059322;4;0;0;0
8491,159322;3;0;0;0
8491,259322;3;0;0;0
8491,359322;8;0;0;0
8491,459322;4;0;0;0
8491,559322;2;0;0;0
8491,659322;4;0;0;0
8491,759322;4;0;0;0
8491,959322;1;0;0;0
8492,059322;4;0;0;0
8492,159322;2;0;0;0
8492,259322;1;0;0;0
8492,459322;4;0;0;0
8492,559322;2;0;0;0
8492,659322;1;0;0;0
8492,759322;1;0;0;0
8492,859322;4;0;0;0
8492,959322;2;0;0;0
8493,059322;3;0;0;0
8493,159322;2;0;0;0
8493,259322;4;0;0;0
8493,359322;2;0;0;0
8493,459322;2;0;0;0
8493,759322;1;0;0;0
8493,859322;2;0;0;0
8493,959322;1;0;0;0
8494,059322;2;0;0;0
8494,259322;2;0;0;0
8494,359322;2;0;0;0
8494,459322;3;0;0;0
8494,659322;1;0;0;0
8494,759322;3;0;0;0
8494,859322;3;0;0;0
8494,959322;1;0;0;0
8495,059322;1;0;0;0
8495,359322;5;0;0;0
8495,459322;3;0;0;0
8495,759322;1;0;0;0
8495,859322;1;0;0;0
8496,059322;3;0;0;0
8496,159322;2;0;0;0
8496,259322;1;0;0;0
8496,459322;1;0;0;0
8496,759322;1;0;0;0
8496,859322;1;0;0;0
8496,959322;1;0;0;0
8497,059322;1;0;0;0
8497,359322;2;0;0;0
8497,759322;2;0;0;0
8497,859322;1;0;0;0
8498,259322;1;0;0;0
8498,359322;1;0;0;0
8498,459322;1;0;0;0
8498,659322;1;0;0;0
8498,959322;3;0;0;0
8499,059322;1;0;0;0
8499,159322;1;0;0;0
8499,259322;1;0;0;0
8499,459322;3;0;0;0
8499,559322;1;0;0;0
8499,659322;1;0;0;0
8499,759322;1;0;0;0
8500,159322;1;0;0;0
8500,359322;1;0;0;0
8501,159322;1;0;0;0
8501,359322;1;0;0;0
8501,459322;1;0;0;0
8501,659322;1;0;0;0
8501,759322;1;0;0;0
8502,359322;1;0;0;0
8502,659322;1;0;0;0
8503,659322;1;0;0;0
8504,059322;2;0;0;0
8504,559322;1;0;0;0
8505,059322;2;0;0;0
8505,459322;1;0;0;0
8505,559322;1;0;0;0
8505,759322;1;0;0;0
8506,659322;1;0;0;0
8506,759322;2;0;0;0
8507,159322;2;0;0;0
8507,259322;1;0;0;0
8507,859322;1;0;0;0
8508,059322;1;0;0;0
8509,059322;1;0;0;0
8510,959322;1;0;0;0
8512,359322;1;0;0;0
8645,850847;1;0;0;0
8646,350847;1;0;0;0
8646,950847;1;0;0;0
8647,050847;3;0;0;0
8647,150847;1;0;0;0
8647,250847;2;0;0;0
8647,350847;1;0;0;0
8647,450847;1;0;0;0
8647,550847;3;0;0;0
8647,650847;2;0;0;0
8647,850847;1;0;0;0
8647,950847;2;0;0;0
8648,050847;1;0;0;0
8648,150847;1;0;0;0
8648,350847;3;0;0;0
8648,450847;2;0;0;0
8648,550847;3;0;0;0
8648,650847;1;0;0;0
8648,750847;5;0;0;0
8648,850847;2;0;0;0
8648,950847;2;0;0;0
8649,050847;3;0;0;0
8649,150847;2;0;0;0
8649,250847;6;0;0;0
8649,350847;5;0;0;0
8649,450847;7;0;0;0
8649,550847;7;0;0;0
8649,650847;4;0;0;0
8649,750847;6;0;0;0
8649,850847;4;0;0;0
8649,950847;8;0;0;0
8650,050847;10;0;0;0
8650,150847;7;0;0;0
8650,250847;2;0;0;0
8650,350847;6;0;0;0
8650,450847;5;0;0;0
8650,550847;4;0;0;0
8650,650847;6;0;0;0
8650,750847;11;0;0;0
8650,850847;4;0;0;0
8650,950847;7;0;0;0
8651,050847;5;0;0;0
8651,150847;5;0;0;0
8651,250847;7;0;0;0
8651,350847;11;0;0;0
8651,450847;5;0;0;0
8651,550847;2;0;0;0
8651,650847;9;0;0;0
8651,750847;8;0;0;0
8651,850847;13;0;0;0
8651,950847;4;0;0;0
8652,050847;1;0;0;0
8652,150847;10;0;0;0
8652,250847;13;0;0;0
8652,350847;7;0;0;0
8652,450847;8;0;0;0
8652,550847;8;0;0;0
8652,650847;9;0;0;0
8652,750847;10;0;0;0
8652,850847;8;0;0;0
8652,950847;3;0;0;0
8653,050847;9;0;0;0
8653,150847;11;0;0;0
8653,250847;14;0;0;0
8653,350847;6;0;0;0
8653,450847;7;0;0;0
8653,550847;7;0;0;0
8653,650847;10;0;0;0
8653,750847;2;0;0;0
8653,850847;2;0;0;0
8653,950847;7;0;0;0
8654,050847;7;0;0;0
8654,150847;9;0;0;0
8654,250847;11;0;0;0
8654,350847;9;0;0;0
8654,450847;5;0;0;0
8654,550847;6;0;0;0
8654,650847;3;0;0;0
8654,750847;6;0;0;0
8654,850847;3;0;0;0
8654,950847;9;0;0;0
8655,050847;12;0;0;0
8655,150847;10;0;0;0
8655,250847;6;0;0;0
8655,350847;5;0;0;0
8655,450847;11;0;0;0
8655,550847;6;0;0;0
8655,650847;10;0;0;0
8655,750847;9;0;0;0
8655,850847;11;0;0;0
8655,950847;10;0;0;0
8656,050847;11;0;0;0
8656,150847;10;0;0;0
8656,250847;7;0;0;0
8656,350847;6;0;0;0
8656,450847;7;0;0;0
8656,550847;3;0;0;0
8656,650847;9;0;0;0
8656,750847;9;0;0;0
8656,850847;5;0;0;0
8656,950847;4;0;0;0
8657,050847;9;0;0;0
8657,150847;7;0;0;0
8657,250847;9;0;0;0
8657,350847;6;0;0;0
8657,450847;5;0;0;0
8657,550847;3;0;0;0
8657,650847;4;0;0;0
8657,750847;6;0;0;0
8657,850847;5;0;0;0
8657,950847;5;0;0;0
8658,050847;2;0;0;0
8658,150847;8;0;0;0
8658,250847;5;0;0;0
8658,350847;5;0;0;0
8658,450847;7;0;0;0
8658,550847;5;0;0;0
8658,650847;5;0;0;0
8658,750847;3;0;0;0
8658,850847;2;0;0;0
8658,950847;2;0;0;0
8659,050847;4;0;0;0
8659,150847;4;0;0;0
8659,250847;6;0;0;0
8659,350847;2;0;0;0
8659,450847;6;0;0;0
8659,550847;7;0;0;0
8659,650847;3;0;0;0
8659,750847;2;0;0;0
8659,850847;7;0;0;0
8659,950847;5;0;0;0
8660,050847;5;0;0;0
8660,150847;6;0;0;0
8660,250847;3;0;0;0
8660,350847;1;0;0;0
8660,450847;1;0;0;0
8660,550847;4;0;0;0
8660,650847;2;0;0;0
8660,750847;4;0;0;0
8660,850847;4;0;0;0
8660,950847;6;0;0;0
8661,050847;3;0;0;0
8661,250847;5;0;0;0
8661,350847;3;0;0;0
8661,450847;1;0;0;0
8661,550847;2;0;0;0
8661,650847;3;0;0;0
8661,750847;4;0;0;0
8661,850847;2;0;0;0
8661,950847;1;0;0;0
8662,150847;2;0;0;0
8662,250847;8;0;0;0
8662,350847;2;0;0;0
8662,450847;2;0;0;0
8662,550847;5;0;0;0
8662,650847;2;0;0;0
8662,750847;6;0;0;0
8662,850847;4;0;0;0
8662,950847;1;0;0;0
8663,050847;2;0;0;0
8663,150847;1;0;0;0
8663,250847;2;0;0;0
8663,350847;2;0;0;0
8663,450847;4;0;0;0
8663,550847;2;0;0;0
8663,650847;1;0;0;0
8663,750847;2;0;0;0
8663,850847;3;0;0;0
8663,950847;1;0;0;0
8664,050847;2;0;0;0
8664,150847;1;0;0;0
8664,250847;5;0;0;0
8664,350847;5;0;0;0
8664,550847;3;0;0;0
8664,650847;1;0;0;0
8664,750847;3;0;0;0
8664,850847;4;0;0;0
8665,050847;1;0;0;0
8665,150847;4;0;0;0
8665,250847;1;0;0;0
8665,350847;3;0;0;0
8665,450847;1;0;0;0
8665,550847;4;0;0;0
8665,650847;3;0;0;0
8665,750847;3;0;0;0
8665,850847;2;0;0;0
8665,950847;3;0;0;0
8666,050847;2;0;0;0
8666,150847;3;0;0;0
8666,250847;2;0;0;0
8666,350847;1;0;0;0
8666,450847;1;0;0;0
8666,550847;1;0;0;0
8666,650847;2;0;0;0
8666,750847;1;0;0;0
8666,850847;3;0;0;0
8666,950847;1;0;0;0
8667,050847;1;0;0;0
8667,150847;2;0;0;0
8667,250847;3;0;0;0
8667,350847;1;0;0;0
8667,450847;1;0;0;0
8667,550847;1;0;0;0
8667,650847;1;0;0;0
8667,750847;1;0;0;0
8667,950847;5;0;0;0
8668,050847;1;0;0;0
8668,250847;2;0;0;0
8668,350847;1;0;0;0
8668,650847;1;0;0;0
8668,850847;2;0;0;0
8668,950847;1;0;0;0
8669,050847;3;0;0;0
8669,150847;1;0;0;0
8669,250847;1;0;0;0
8669,450847;1;0;0;0
8669,550847;2;0;0;0
8669,650847;1;0;0;0
8670,050847;2;0;0;0
8670,350847;2;0;0;0
8670,450847;1;0;0;0
8670,750847;3;0;0;0
8670,850847;2;0;0;0
8671,050847;3;0;0;0
8671,350847;2;0;0;0
8671,450847;1;0;0;0
8671,650847;2;0;0;0
8671,850847;1;0;0;0
8672,050847;1;0;0;0
8672,350847;1;0;0;0
8672,450847;1;0;0;0
8672,650847;1;0;0;0
8672,750847;1;0;0;0
8673,050847;1;0;0;0
8673,950847;1;0;0;0
8674,250847;2;0;0;0
8674,550847;1;0;0;0
8674,750847;1;0;0;0
8674,850847;2;0;0;0
8675,250847;1;0;0;0
8675,550847;3;0;0;0
8675,750847;2;0;0;0
8676,150847;1;0;0;0
8676,450847;2;0;0;0
8676,850847;1;0;0;0
8677,050847;1;0;0;0
8677,150847;1;0;0;0
8678,750847;1;0;0;0
8679,450847;1;0;0;0
8680,050847;1;0;0;0
8680,650847;1;0;0;0
8680,850847;1;0;0;0
8682,350847;1;0;0;0
8683,950847;1;0;0;0
8684,750847;1;0;0;0
8814,242373;1;0;0;0
8814,542373;1;0;0;0
8815,342373;1;0;0;0
8815,642373;1;0;0;0
8815,842373;1;0;0;0
8816,042373;1;0;0;0
8816,142373;2;0;0;0
8816,442373;2;0;0;0
8816,542373;3;0;0;0
8816,642373;1;0;0;0
8816,742373;1;0;0;0
8817,042373;2;0;0;0
8817,142373;3;0;0;0
8817,242373;3;0;0;0
8817,342373;2;0;0;0
8817,442373;2;0;0;0
8817,542373;4;0;0;0
8817,642373;1;0;0;0
8817,742373;3;0;0;0
8817,842373;2;0;0;0
8817,942373;4;0;0;0
8818,042373;2;0;0;0
8818,142373;2;0;0;0
8818,242373;4;0;0;0
8818,342373;2;0;0;0
8818,442373;2;0;0;0
8818,542373;2;0;0;0
8818,642373;6;0;0;0
8818,742373;3;0;0;0
8818,842373;4;0;0;0
8818,942373;4;0;0;0
8819,042373;4;0;0;0
8819,142373;8;0;0;0
8819,242373;7;0;0;0
8819,342373;6;0;0;0
8819,442373;5;0;0;0
8819,542373;7;0;0;0
8819,642373;5;0;0;0
8819,742373;2;0;0;0
8819,842373;3;0;0;0
8819,942373;3;0;0;0
8820,042373;4;0;0;0
8820,142373;8;0;0;0
8820,242373;6;0;0;0
8820,342373;9;0;0;0
8820,442373;13;0;0;0
8820,542373;2;0;0;0
8820,642373;12;0;0;0
8820,742373;6;0;0;0
8820,842373;3;0;0;0
8820,942373;6;0;0;0
8821,042373;5;0;0;0
8821,142373;10;0;0;0
8821,242373;10;0;0;0
8821,342373;11;0;0;0
8821,442373;3;0;0;0
8821,542373;5;0;0;0
8821,642373;7;0;0;0
8821,742373;11;0;0;0
8821,842373;8;0;0;0
8821,942373;11;0;0;0
8822,042373;8;0;0;0
8822,142373;5;0;0;0
8822,242373;8;0;0;0
8822,342373;13;0;0;0
8822,442373;7;0;0;0
8822,542373;11;0;0;0
8822,642373;13;0;0;0
8822,742373;13;0;0;0
8822,842373;10;0;0;0
8822,942373;6;0;0;0
8823,042373;8;0;0;0
8823,142373;4;0;0;0
8823,242373;9;0;0;0
8823,342373;9;0;0;0
8823,442373;7;0;0;0
8823,542373;11;0;0;0
8823,642373;8;0;0;0
8823,742373;11;0;0;0
8823,842373;6;0;0;0
8823,942373;11;0;0;0
8824,042373;12;0;0;0
8824,142373;4;0;0;0
8824,242373;12;0;0;0
8824,342373;12;0;0;0
8824,442373;7;0;0;0
8824,542373;7;0;0;0
8824,642373;10;0;0;0
8824,742373;11;0;0;0
8824,842373;8;0;0;0
8824,942373;6;0;0;0
8825,042373;12;0;0;0
8825,142373;10;0;0;0
8825,242373;4;0;0;0
8825,342373;11;0;0;0
8825,442373;11;0;0;0
8825,542373;8;0;0;0
8825,642373;7;0;0;0
8825,742373;7;0;0;0
8825,842373;8;0;0;0
8825,942373;7;0;0;0
8826,042373;9;0;0;0
8826,142373;5;0;0;0
8826,242373;4;0;0;0
8826,342373;4;0;0;0
8826,442373;7;0;0;0
8826,542373;11;0;0;0
8826,642373;12;0;0;0
8826,742373;7;0;0;0
8826,842373;16;0;0;0
8826,942373;7;0;0;0
8827,042373;9;0;0;0
8827,142373;5;0;0;0
8827,242373;6;0;0;0
8827,342373;5;0;0;0
8827,442373;8;0;0;0
8827,542373;3;0;0;0
8827,642373;6;0;0;0
8827,742373;9;0;0;0
8827,842373;9;0;0;0
8827,942373;12;0;0;0
8828,042373;5;0;0;0
8828,142373;11;0;0;0
8828,242373;6;0;0;0
8828,342373;8;0;0;0
8828,442373;1;0;0;0
8828,542373;1;0;0;0
8828,642373;3;0;0;0
8828,742373;2;0;0;0
8828,842373;5;0;0;0
8828,942373;4;0;0;0
8829,042373;5;0;0;0
8829,142373;12;0;0;0
8829,242373;4;0;0;0
8829,342373;6;0;0;0
8829,442373;5;0;0;0
8829,542373;8;0;0;0
8829,642373;6;0;0;0
8829,742373;5;0;0;0
8829,842373;3;0;0;0
8829,942373;5;0;0;0
8830,042373;5;0;0;0
8830,142373;5;0;0;0
8830,242373;5;0;0;0
8830,342373;7;0;0;0
8830,442373;3;0;0;0
8830,542373;3;0;0;0
8830,742373;5;0;0;0
8830,842373;2;0;0;0
8830,942373;5;0;0;0
8831,042373;6;0;0;0
8831,142373;7;0;0;0
8831,242373;3;0;0;0
8831,342373;5;0;0;0
8831,442373;4;0;0;0
8831,542373;5;0;0;0
8831,642373;3;0;0;0
8831,742373;1;0;0;0
8831,842373;5;0;0;0
8831,942373;6;0;0;0
8832,042373;1;0;0;0
8832,142373;5;0;0;0
8832,242373;2;0;0;0
8832,342373;2;0;0;0
8832,442373;1;0;0;0
8832,542373;6;0;0;0
8832,642373;3;0;0;0
8832,742373;6;0;0;0
8832,842373;5;0;0;0
8832,942373;7;0;0;0
8833,042373;5;0;0;0
8833,142373;2;0;0;0
8833,242373;4;0;0;0
8833,342373;1;0;0;0
8833,442373;3;0;0;0
8833,542373;3;0;0;0
8833,642373;3;0;0;0
8833,742373;4;0;0;0
8833,842373;1;0;0;0
8833,942373;2;0;0;0
8834,042373;1;0;0;0
8834,142373;5;0;0;0
8834,242373;6;0;0;0
8834,342373;7;0;0;0
8834,442373;2;0;0;0
8834,542373;4;0;0;0
8834,642373;2;0;0;0
8834,742373;5;0;0;0
8834,842373;3;0;0;0
8834,942373;2;0;0;0
8835,042373;3;0;0;0
8835,142373;1;0;0;0
8835,242373;1;0;0;0
8835,342373;2;0;0;0
8835,442373;1;0;0;0
8835,542373;3;0;0;0
8835,642373;5;0;0;0
8835,742373;4;0;0;0
8835,842373;7;0;0;0
8835,942373;2;0;0;0
8836,042373;3;0;0;0
8836,142373;1;0;0;0
8836,342373;3;0;0;0
8836,442373;4;0;0;0
8836,542373;3;0;0;0
8836,642373;1;0;0;0
8836,742373;1;0;0;0
8836,842373;2;0;0;0
8836,942373;3;0;0;0
8837,042373;4;0;0;0
8837,142373;2;0;0;0
8837,242373;4;0;0;0
8837,342373;1;0;0;0
8837,442373;3;0;0;0
8837,542373;3;0;0;0
8837,742373;3;0;0;0
8837,942373;4;0;0;0
8838,042373;3;0;0;0
8838,142373;1;0;0;0
8838,242373;3;0;0;0
8838,342373;1;0;0;0
8838,442373;1;0;0;0
8838,742373;1;0;0;0
8838,942373;2;0;0;0
8839,242373;1;0;0;0
8839,342373;1;0;0;0
8839,442373;3;0;0;0
8839,542373;1;0;0;0
8839,742373;1;0;0;0
8839,842373;2;0;0;0
8840,142373;1;0;0;0
8840,242373;1;0;0;0
8840,442373;1;0;0;0
8840,542373;1;0;0;0
8840,642373;2;0;0;0
8840,742373;2;0;0;0
8840,842373;2;0;0;0
8840,942373;3;0;0;0
8841,242373;1;0;0;0
8841,342373;1;0;0;0
8841,442373;1;0;0;0
8841,642373;3;0;0;0
8841,742373;2;0;0;0
8841,942373;1;0;0;0
8842,042373;1;0;0;0
8842,142373;3;0;0;0
8842,242373;1;0;0;0
8842,442373;2;0;0;0
8842,542373;2;0;0;0
8842,642373;1;0;0;0
8842,742373;1;0;0;0
8842,842373;2;0;0;0
8842,942373;2;0;0;0
8843,042373;3;0;0;0
8843,142373;2;0;0;0
8843,442373;1;0;0;0
8843,842373;1;0;0;0
8844,042373;1;0;0;0
8844,142373;1;0;0;0
8844,542373;1;0;0;0
8844,642373;1;0;0;0
8844,742373;2;0;0;0
8844,842373;1;0;0;0
8845,042373;2;0;0;0
8845,242373;1;0;0;0
8845,342373;1;0;0;0
8845,542373;1;0;0;0
8845,642373;1;0;0;0
8845,942373;3;0;0;0
8846,142373;1;0;0;0
8846,642373;1;0;0;0
8846,842373;1;0;0;0
8846,942373;1;0;0;0
8847,042373;1;0;0;0
8847,342373;1;0;0;0
8847,642373;1;0;0;0
8848,042373;2;0;0;0
8848,542373;1;0;0;0
8848,642373;2;0;0;0
8848,842373;2;0;0;0
8849,342373;1;0;0;0
8849,842373;1;0;0;0
8850,242373;1;0;0;0
8850,342373;1;0;0;0
8850,742373;1;0;0;0
8850,942373;1;0;0;0
8851,042373;2;0;0;0
8851,642373;1;0;0;0
8852,142373;1;0;0;0
8852,342373;1;0;0;0
8853,842373;1;0;0;0
8854,542373;2;0;0;0
8983,233898;1;0;0;0
8984,333898;1;0;0;0
8984,433898;1;0;0;0
8984,833898;1;0;0;0
8984,933898;1;0;0;0
8985,633898;2;0;0;0
8985,733898;1;0;0;0
8986,033898;1;0;0;0
8986,233898;1;0;0;0
8986,333898;2;0;0;0
8986,733898;1;0;0;0
8986,833898;4;0;0;0
8987,033898;2;0;0;0
8987,233898;4;0;0;0
8987,333898;2;0;0;0
8987,433898;2;0;0;0
8987,533898;2;0;0;0
8987,633898;2;0;0;0
8987,833898;2;0;0;0
8987,933898;3;0;0;0
8988,033898;2;0;0;0
8988,133898;5;0;0;0
8988,233898;3;0;0;0
8988,333898;3;0;0;0
8988,433898;4;0;0;0
8988,533898;4;0;0;0
8988,633898;2;0;0;0
8988,733898;6;0;0;0
8988,833898;7;0;0;0
8988,933898;4;0;0;0
8989,033898;4;0;0;0
8989,133898;7;0;0;0
8989,233898;4;0;0;0
8989,333898;2;0;0;0
8989,433898;5;0;0;0
8989,533898;7;0;0;0
8989,633898;8;0;0;0
8989,733898;3;0;0;0
8989,833898;4;0;0;0
8989,933898;2;0;0;0
8990,033898;9;0;0;0
8990,133898;6;0;0;0
8990,233898;15;0;0;0
8990,333898;6;0;0;0
8990,433898;7;0;0;0
8990,533898;4;0;0;0
8990,633898;8;0;0;0
8990,733898;6;0;0;0
8990,833898;8;0;0;0
8990,933898;12;0;0;0
8991,033898;11;0;0;0
8991,133898;10;0;0;0
8991,233898;10;0;0;0
8991,333898;12;0;0;0
8991,433898;11;0;0;0
8991,533898;6;0;0;0
8991,633898;10;0;0;0
8991,733898;10;0;0;0
8991,833898;6;0;0;0
8991,933898;9;0;0;0
8992,033898;10;0;0;0
8992,133898;7;0;0;0
8992,233898;7;0;0;0
8992,333898;15;0;0;0
8992,433898;7;0;0;0
8992,533898;12;0;0;0
8992,633898;9;0;0;0
8992,733898;8;0;0;0
8992,833898;5;0;0;0
8992,933898;7;0;0;0
8993,033898;10;0;0;0
8993,133898;9;0;0;0
8993,233898;16;0;0;0
8993,333898;10;0;0;0
8993,433898;9;0;0;0
8993,533898;9;0;0;0
8993,633898;9;0;0;0
8993,733898;11;0;0;0
8993,833898;13;0;0;0
8993,933898;12;0;0;0
8994,033898;9;0;0;0
8994,133898;16;0;0;0
8994,233898;8;0;0;0
8994,333898;9;0;0;0
8994,433898;12;0;0;0
8994,533898;9;0;0;0
8994,633898;11;0;0;0
8994,733898;11;0;0;0
8994,833898;6;0;0;0
8994,933898;7;0;0;0
8995,033898;10;0;0;0
8995,133898;9;0;0;0
8995,233898;7;0;0;0
8995,333898;15;0;0;0
8995,433898;11;0;0;0
8995,533898;14;0;0;0
8995,633898;9;0;0;0
8995,733898;9;0;0;0
8995,833898;14;0;0;0
8995,933898;11;0;0;0
8996,033898;10;0;0;0
8996,133898;14;0;0;0
8996,233898;8;0;0;0
8996,333898;5;0;0;0
8996,433898;10;0;0;0
8996,533898;9;0;0;0
8996,633898;6;0;0;0
8996,733898;9;0;0;0
8996,833898;7;0;0;0
8996,933898;9;0;0;0
8997,033898;6;0;0;0
8997,133898;8;0;0;0
8997,233898;6;0;0;0
8997,333898;13;0;0;0
8997,433898;7;0;0;0
8997,533898;8;0;0;0
8997,633898;10;0;0;0
8997,733898;8;0;0;0
8997,833898;10;0;0;0
8997,933898;10;0;0;0
8998,033898;6;0;0;0
8998,133898;9;0;0;0
8998,233898;9;0;0;0
8998,333898;3;0;0;0
8998,433898;6;0;0;0
8998,533898;13;0;0;0
8998,633898;5;0;0;0
8998,733898;6;0;0;0
8998,833898;11;0;0;0
8998,933898;8;0;0;0
8999,033898;9;0;0;0
8999,133898;8;0;0;0
8999,233898;7;0;0;0
8999,333898;5;0;0;0
8999,433898;5;0;0;0
8999,533898;6;0;0;0
8999,633898;4;0;0;0
8999,733898;3;0;0;0
8999,833898;6;0;0;0
8999,933898;3;0;0;0
9000,033898;7;0;0;0
9000,133898;6;0;0;0
9000,233898;6;0;0;0
9000,333898;5;0;0;0
9000,433898;5;0;0;0
9000,533898;4;0;0;0
9000,633898;6;0;0;0
9000,733898;7;0;0;0
9000,833898;6;0;0;0
9000,933898;7;0;0;0
9001,033898;1;0;0;0
9001,133898;3;0;0;0
9001,233898;4;0;0;0
9001,333898;9;0;0;0
9001,433898;2;0;0;0
9001,533898;5;0;0;0
9001,633898;7;0;0;0
9001,733898;6;0;0;0
9001,833898;2;0;0;0
9001,933898;3;0;0;0
9002,033898;1;0;0;0
9002,133898;5;0;0;0
9002,233898;4;0;0;0
9002,333898;4;0;0;0
9002,433898;3;0;0;0
9002,533898;4;0;0;0
9002,633898;3;0;0;0
9002,733898;6;0;0;0
9002,833898;5;0;0;0
9002,933898;3;0;0;0
9003,033898;12;0;0;0
9003,133898;2;0;0;0
9003,233898;8;0;0;0
9003,333898;2;0;0;0
9003,433898;3;0;0;0
9003,533898;5;0;0;0
9003,633898;2;0;0;0
9003,733898;5;0;0;0
9003,833898;1;0;0;0
9003,933898;6;0;0;0
9004,033898;5;0;0;0
9004,133898;4;0;0;0
9004,233898;3;0;0;0
9004,333898;5;0;0;0
9004,433898;5;0;0;0
9004,533898;4;0;0;0
9004,633898;4;0;0;0
9004,733898;4;0;0;0
9004,833898;5;0;0;0
9004,933898;7;0;0;0
9005,133898;6;0;0;0
9005,233898;2;0;0;0
9005,333898;2;0;0;0
9005,433898;5;0;0;0
9005,533898;5;0;0;0
9005,633898;1;0;0;0
9005,833898;3;0;0;0
9005,933898;5;0;0;0
9006,033898;1;0;0;0
9006,133898;4;0;0;0
9006,233898;5;0;0;0
9006,333898;5;0;0;0
9006,433898;2;0;0;0
9006,633898;1;0;0;0
9006,733898;2;0;0;0
9006,833898;4;0;0;0
9006,933898;3;0;0;0
9007,033898;5;0;0;0
9007,133898;1;0;0;0
9007,333898;3;0;0;0
9007,433898;6;0;0;0
9007,533898;6;0;0;0
9007,633898;1;0;0;0
9007,733898;6;0;0;0
9007,833898;8;0;0;0
9007,933898;1;0;0;0
9008,033898;1;0;0;0
9008,133898;2;0;0;0
9008,233898;2;0;0;0
9008,333898;2;0;0;0
9008,433898;2;0;0;0
9008,533898;2;0;0;0
9008,633898;2;0;0;0
9008,833898;2;0;0;0
9008,933898;4;0;0;0
9009,033898;1;0;0;0
9009,233898;6;0;0;0
9009,333898;1;0;0;0
9009,433898;5;0;0;0
9009,533898;4;0;0;0
9009,633898;1;0;0;0
9009,733898;3;0;0;0
9009,833898;3;0;0;0
9009,933898;4;0;0;0
9010,033898;2;0;0;0
9010,133898;2;0;0;0
9010,233898;4;0;0;0
9010,633898;2;0;0;0
9010,733898;1;0;0;0
9010,833898;2;0;0;0
9010,933898;1;0;0;0
9011,133898;2;0;0;0
9011,233898;2;0;0;0
9011,333898;1;0;0;0
9011,433898;2;0;0;0
9011,533898;1;0;0;0
9011,633898;1;0;0;0
9011,833898;1;0;0;0
9011,933898;2;0;0;0
9012,033898;3;0;0;0
9012,233898;2;0;0;0
9012,333898;1;0;0;0
9012,433898;1;0;0;0
9012,633898;3;0;0;0
9012,733898;2;0;0;0
9012,833898;2;0;0;0
9012,933898;1;0;0;0
9013,033898;1;0;0;0
9013,233898;1;0;0;0
9013,333898;2;0;0;0
9013,433898;1;0;0;0
9013,533898;1;0;0;0
9013,933898;1;0;0;0
9014,033898;1;0;0;0
9014,133898;3;0;0;0
9014,633898;1;0;0;0
9014,733898;1;0;0;0
9015,033898;1;0;0;0
9015,333898;2;0;0;0
9015,433898;2;0;0;0
9015,533898;1;0;0;0
9015,633898;3;0;0;0
9015,733898;3;0;0;0
9015,933898;1;0;0;0
9016,033898;1;0;0;0
9016,133898;1;0;0;0
9016,333898;1;0;0;0
9016,433898;1;0;0;0
9016,533898;1;0;0;0
9016,833898;2;0;0;0
9017,133898;1;0;0;0
9017,233898;1;0;0;0
9017,433898;2;0;0;0
9017,633898;2;0;0;0
9018,033898;1;0;0;0
9018,133898;1;0;0;0
9018,333898;1;0;0;0
9018,633898;1;0;0;0
9019,133898;2;0;0;0
9019,233898;2;0;0;0
9019,433898;1;0;0;0
9019,533898;1;0;0;0
9019,633898;2;0;0;0
9019,733898;1;0;0;0
9019,933898;1;0;0;0
9020,133898;1;0;0;0
9020,633898;1;0;0;0
9020,733898;1;0;0;0
9020,833898;1;0;0;0
9021,633898;1;0;0;0
9021,833898;1;0;0;0
9022,033898;1;0;0;0
9022,233898;1;0;0;0
9022,733898;1;0;0;0
9024,533898;1;0;0;0
9025,033898;1;0;0;0
9026,333898;1;0;0;0
9153,625424;1;0;0;0
9154,225424;1;0;0;0
9154,325424;1;0;0;0
9154,425424;1;0;0;0
9154,525424;1;0;0;0
9154,825424;1;0;0;0
9154,925424;1;0;0;0
9155,025424;1;0;0;0
9155,425424;1;0;0;0
9155,625424;1;0;0;0
9155,925424;1;0;0;0
9156,025424;1;0;0;0
9156,125424;2;0;0;0
9156,225424;1;0;0;0
9156,325424;2;0;0;0
9156,425424;1;0;0;0
9156,525424;2;0;0;0
9156,625424;1;0;0;0
9156,725424;2;0;0;0
9156,825424;3;0;0;0
9156,925424;1;0;0;0
9157,025424;2;0;0;0
9157,125424;2;0;0;0
9157,225424;3;0;0;0
9157,325424;4;0;0;0
9157,425424;5;0;0;0
9157,525424;2;0;0;0
9157,725424;2;0;0;0
9157,825424;2;0;0;0
9157,925424;3;0;0;0
9158,025424;3;0;0;0
9158,125424;2;0;0;0
9158,225424;2;0;0;0
9158,325424;2;0;0;0
9158,425424;5;0;0;0
9158,525424;1;0;0;0
9158,625424;5;0;0;0
9158,725424;2;0;0;0
9158,825424;4;0;0;0
9158,925424;1;0;0;0
9159,025424;7;0;0;0
9159,125424;3;0;0;0
9159,225424;7;0;0;0
9159,325424;3;0;0;0
9159,425424;6;0;0;0
9159,525424;5;0;0;0
9159,625424;6;0;0;0
9159,725424;4;0;0;0
9159,825424;11;0;0;0
9159,925424;3;0;0;0
9160,025424;6;0;0;0
9160,125424;6;0;0;0
9160,225424;3;0;0;0
9160,325424;5;0;0;0
9160,425424;6;0;0;0
9160,525424;8;0;0;0
9160,625424;6;0;0;0
9160,725424;13;0;0;0
9160,825424;8;0;0;0
9160,925424;9;0;0;0
9161,025424;7;0;0;0
9161,125424;13;0;0;0
9161,225424;10;0;0;0
9161,325424;7;0;0;0
9161,425424;8;0;0;0
9161,525424;8;0;0;0
9161,625424;4;0;0;0
9161,725424;7;0;0;0
9161,825424;8;0;0;0
9161,925424;8;0;0;0
9162,025424;11;0;0;0
9162,125424;15;0;0;0
9162,225424;8;0;0;0
9162,325424;10;0;0;0
9162,425424;7;0;0;0
9162,525424;12;0;0;0
9162,625424;5;0;0;0
9162,725424;6;0;0;0
9162,825424;15;0;0;0
9162,925424;8;0;0;0
9163,025424;11;0;0;0
9163,125424;10;0;0;0
9163,225424;13;0;0;0
9163,325424;9;0;0;0
9163,425424;9;0;0;0
9163,525424;7;0;0;0
9163,625424;15;0;0;0
9163,725424;10;0;0;0
9163,825424;2;0;0;0
9163,925424;5;0;0;0
9164,025424;13;0;0;0
9164,125424;2;0;0;0
9164,225424;7;0;0;0
9164,325424;3;0;0;0
9164,425424;9;0;0;0
9164,525424;8;0;0;0
9164,625424;5;0;0;0
9164,725424;7;0;0;0
9164,825424;10;0;0;0
9164,925424;7;0;0;0
9165,025424;14;0;0;0
9165,125424;9;0;0;0
9165,225424;9;0;0;0
9165,325424;7;0;0;0
9165,425424;10;0;0;0
9165,525424;9;0;0;0
9165,625424;15;0;0;0
9165,725424;8;0;0;0
9165,825424;7;0;0;0
9165,925424;16;0;0;0
9166,025424;10;0;0;0
9166,125424;5;0;0;0
9166,225424;4;0;0;0
9166,325424;10;0;0;0
9166,425424;3;0;0;0
9166,525424;6;0;0;0
9166,625424;4;0;0;0
9166,725424;10;0;0;0
9166,825424;10;0;0;0
9166,925424;9;0;0;0
9167,025424;4;0;0;0
9167,125424;6;0;0;0
9167,225424;4;0;0;0
9167,325424;10;0;0;0
9167,425424;5;0;0;0
9167,525424;9;0;0;0
9167,625424;12;0;0;0
9167,725424;8;0;0;0
9167,825424;11;0;0;0
9167,925424;11;0;0;0
9168,025424;10;0;0;0
9168,125424;5;0;0;0
9168,225424;1;0;0;0
9168,325424;7;0;0;0
9168,425424;8;0;0;0
9168,525424;7;0;0;0
9168,625424;7;0;0;0
9168,725424;7;0;0;0
9168,825424;8;0;0;0
9168,925424;9;0;0;0
9169,025424;11;0;0;0
9169,125424;5;0;0;0
9169,225424;8;0;0;0
9169,325424;4;0;0;0
9169,425424;5;0;0;0
9169,525424;3;0;0;0
9169,625424;3;0;0;0
9169,725424;3;0;0;0
9169,825424;9;0;0;0
9169,925424;8;0;0;0
9170,025424;10;0;0;0
9170,125424;10;0;0;0
9170,225424;8;0;0;0
9170,325424;8;0;0;0
9170,425424;6;0;0;0
9170,525424;11;0;0;0
9170,625424;8;0;0;0
9170,725424;4;0;0;0
9170,825424;3;0;0;0
9170,925424;3;0;0;0
9171,025424;6;0;0;0
9171,125424;4;0;0;0
9171,225424;6;0;0;0
9171,325424;4;0;0;0
9171,425424;4;0;0;0
9171,525424;7;0;0;0
9171,625424;6;0;0;0
9171,725424;5;0;0;0
9171,825424;4;0;0;0
9171,925424;5;0;0;0
9172,025424;4;0;0;0
9172,125424;6;0;0;0
9172,225424;7;0;0;0
9172,325424;6;0;0;0
9172,425424;5;0;0;0
9172,525424;6;0;0;0
9172,625424;2;0;0;0
9172,725424;3;0;0;0
9172,825424;1;0;0;0
9172,925424;5;0;0;0
9173,025424;6;0;0;0
9173,125424;6;0;0;0
9173,225424;4;0;0;0
9173,325424;4;0;0;0
9173,425424;5;0;0;0
9173,525424;5;0;0;0
9173,625424;1;0;0;0
9173,725424;3;0;0;0
9173,825424;1;0;0;0
9173,925424;6;0;0;0
9174,025424;5;0;0;0
9174,125424;1;0;0;0
9174,325424;2;0;0;0
9174,425424;4;0;0;0
9174,525424;4;0;0;0
9174,625424;5;0;0;0
9174,725424;2;0;0;0
9174,825424;3;0;0;0
9174,925424;7;0;0;0
9175,025424;1;0;0;0
9175,125424;1;0;0;0
9175,225424;6;0;0;0
9175,325424;4;0;0;0
9175,425424;2;0;0;0
9175,525424;2;0;0;0
9175,625424;1;0;0;0
9175,725424;6;0;0;0
9175,825424;5;0;0;0
9175,925424;8;0;0;0
9176,025424;5;0;0;0
9176,125424;3;0;0;0
9176,225424;6;0;0;0
9176,325424;2;0;0;0
9176,425424;1;0;0;0
9176,525424;2;0;0;0
9176,625424;4;0;0;0
9176,725424;1;0;0;0
9176,825424;5;0;0;0
9176,925424;4;0;0;0
9177,025424;4;0;0;0
9177,125424;6;0;0;0
9177,225424;4;0;0;0
9177,325424;2;0;0;0
9177,425424;3;0;0;0
9177,525424;2;0;0;0
9177,625424;1;0;0;0
9177,725424;2;0;0;0
9177,825424;2;0;0;0
9177,925424;3;0;0;0
9178,025424;1;0;0;0
9178,125424;2;0;0;0
9178,225424;2;0;0;0
9178,325424;3;0;0;0
9178,425424;4;0;0;0
9178,525424;3;0;0;0
9178,625424;6;0;0;0
9178,725424;2;0;0;0
9178,825424;4;0;0;0
9178,925424;2;0;0;0
9179,025424;3;0;0;0
9179,125424;4;0;0;0
9179,225424;2;0;0;0
9179,325424;1;0;0;0
9179,425424;1;0;0;0
9179,525424;2;0;0;0
9179,625424;1;0;0;0
9179,725424;3;0;0;0
9179,825424;2;0;0;0
9179,925424;2;0;0;0
9180,025424;1;0;0;0
9180,125424;1;0;0;0
9180,325424;3;0;0;0
9180,425424;3;0;0;0
9180,525424;3;0;0;0
9180,625424;1;0;0;0
9180,725424;2;0;0;0
9180,825424;1;0;0;0
9180,925424;3;0;0;0
9181,025424;3;0;0;0
9181,125424;2;0;0;0
9181,225424;2;0;0;0
9181,425424;4;0;0;0
9181,525424;3;0;0;0
9181,625424;1;0;0;0
9181,925424;2;0;0;0
9182,125424;2;0;0;0
9182,325424;2;0;0;0
9182,625424;1;0;0;0
9182,725424;3;0;0;0
9182,825424;1;0;0;0
9182,925424;2;0;0;0
9183,125424;1;0;0;0
9183,225424;1;0;0;0
9183,325424;1;0;0;0
9183,425424;2;0;0;0
9183,625424;1;0;0;0
9183,725424;1;0;0;0
9183,825424;1;0;0;0
9183,925424;3;0;0;0
9184,425424;3;0;0;0
9184,525424;2;0;0;0
9184,725424;1;0;0;0
9184,825424;1;0;0;0
9185,025424;3;0;0;0
9185,325424;1;0;0;0
9185,525424;1;0;0;0
9185,725424;1;0;0;0
9185,925424;2;0;0;0
9186,325424;4;0;0;0
9186,425424;1;0;0;0
9186,825424;1;0;0;0
9186,925424;3;0;0;0
9187,125424;1;0;0;0
9187,425424;1;0;0;0
9187,625424;1;0;0;0
9188,225424;1;0;0;0
9188,425424;1;0;0;0
9188,625424;1;0;0;0
9188,725424;1;0;0;0
9188,825424;2;0;0;0
9188,925424;1;0;0;0
9189,125424;1;0;0;0
9189,825424;1;0;0;0
9190,025424;2;0;0;0
9190,125424;1;0;0;0
9190,225424;1;0;0;0
9190,625424;1;0;0;0
9190,825424;1;0;0;0
9191,125424;1;0;0;0
9191,325424;1;0;0;0
9191,725424;1;0;0;0
9193,625424;1;0;0;0
9323,016949;1;0;0;0
9323,216949;1;0;0;0
9323,616949;2;0;0;0
9323,816949;1;0;0;0
9324,816949;1;0;0;0
9325,016949;1;0;0;0
9325,216949;2;0;0;0
9325,516949;2;0;0;0
9325,716949;1;0;0;0
9326,016949;1;0;0;0
9326,116949;1;0;0;0
9326,216949;1;0;0;0
9326,316949;3;0;0;0
9326,516949;2;0;0;0
9326,616949;1;0;0;0
9326,716949;1;0;0;0
9326,816949;2;0;0;0
9327,016949;3;0;0;0
9327,316949;1;0;0;0
9327,416949;4;0;0;0
9327,516949;3;0;0;0
9327,616949;4;0;0;0
9327,716949;2;0;0;0
9327,816949;6;0;0;0
9327,916949;3;0;0;0
9328,016949;4;0;0;0
9328,116949;3;0;0;0
9328,216949;4;0;0;0
9328,316949;1;0;0;0
9328,416949;2;0;0;0
9328,516949;3;0;0;0
9328,616949;6;0;0;0
9328,716949;2;0;0;0
9328,816949;4;0;0;0
9328,916949;3;0;0;0
9329,016949;7;0;0;0
9329,116949;4;0;0;0
9329,216949;3;0;0;0
9329,316949;3;0;0;0
9329,416949;1;0;0;0
9329,516949;3;0;0;0
9329,616949;2;0;0;0
9329,716949;6;0;0;0
9329,816949;8;0;0;0
9329,916949;5;0;0;0
9330,016949;9;0;0;0
9330,116949;7;0;0;0
9330,216949;5;0;0;0
9330,316949;5;0;0;0
9330,416949;8;0;0;0
9330,516949;2;0;0;0
9330,616949;4;0;0;0
9330,716949;4;0;0;0
9330,816949;10;0;0;0
9330,916949;5;0;0;0
9331,016949;4;0;0;0
9331,116949;6;0;0;0
9331,216949;4;0;0;0
9331,316949;8;0;0;0
9331,416949;6;0;0;0
9331,516949;6;0;0;0
9331,616949;5;0;0;0
9331,716949;10;0;0;0
9331,816949;7;0;0;0
9331,916949;6;0;0;0
9332,016949;7;0;0;0
9332,116949;9;0;0;0
9332,216949;10;0;0;0
9332,316949;6;0;0;0
9332,416949;12;0;0;0
9332,516949;2;0;0;0
9332,616949;7;0;0;0
9332,716949;5;0;0;0
9332,816949;6;0;0;0
9332,916949;4;0;0;0
9333,016949;11;0;0;0
9333,116949;10;0;0;0
9333,216949;11;0;0;0
9333,316949;9;0;0;0
9333,416949;8;0;0;0
9333,516949;5;0;0;0
9333,616949;7;0;0;0
9333,716949;2;0;0;0
9333,816949;5;0;0;0
9333,916949;6;0;0;0
9334,016949;7;0;0;0
9334,116949;2;0;0;0
9334,216949;8;0;0;0
9334,316949;6;0;0;0
9334,416949;10;0;0;0
9334,516949;8;0;0;0
9334,616949;4;0;0;0
9334,716949;6;0;0;0
9334,816949;9;0;0;0
9334,916949;6;0;0;0
9335,016949;3;0;0;0
9335,116949;12;0;0;0
9335,216949;10;0;0;0
9335,316949;7;0;0;0
9335,416949;15;0;0;0
9335,516949;2;0;0;0
9335,616949;9;0;0;0
9335,716949;9;0;0;0
9335,816949;6;0;0;0
9335,916949;8;0;0;0
9336,016949;10;0;0;0
9336,116949;6;0;0;0
9336,216949;4;0;0;0
9336,316949;7;0;0;0
9336,416949;6;0;0;0
9336,516949;5;0;0;0
9336,616949;10;0;0;0
9336,716949;6;0;0;0
9336,816949;2;0;0;0
9336,916949;4;0;0;0
9337,016949;9;0;0;0
9337,116949;6;0;0;0
9337,216949;4;0;0;0
9337,316949;5;0;0;0
9337,416949;7;0;0;0
9337,516949;4;0;0;0
9337,616949;4;0;0;0
9337,716949;5;0;0;0
9337,816949;5;0;0;0
9337,916949;8;0;0;0
9338,016949;4;0;0;0
9338,116949;6;0;0;0
9338,216949;7;0;0;0
9338,316949;10;0;0;0
9338,416949;6;0;0;0
9338,516949;8;0;0;0
9338,616949;4;0;0;0
9338,716949;5;0;0;0
9338,816949;5;0;0;0
9338,916949;7;0;0;0
9339,016949;5;0;0;0
9339,116949;4;0;0;0
9339,216949;2;0;0;0
9339,316949;3;0;0;0
9339,416949;4;0;0;0
9339,516949;4;0;0;0
9339,616949;3;0;0;0
9339,716949;6;0;0;0
9339,816949;8;0;0;0
9339,916949;5;0;0;0
9340,016949;6;0;0;0
9340,116949;9;0;0;0
9340,216949;1;0;0;0
9340,316949;3;0;0;0
9340,416949;2;0;0;0
9340,516949;9;0;0;0
9340,616949;6;0;0;0
9340,716949;7;0;0;0
9340,816949;8;0;0;0
9340,916949;4;0;0;0
9341,016949;4;0;0;0
9341,116949;2;0;0;0
9341,216949;6;0;0;0
9341,316949;8;0;0;0
9341,416949;6;0;0;0
9341,516949;5;0;0;0
9341,616949;12;0;0;0
9341,716949;7;0;0;0
9341,816949;4;0;0;0
9341,916949;4;0;0;0
9342,016949;5;0;0;0
9342,116949;4;0;0;0
9342,216949;6;0;0;0
9342,316949;3;0;0;0
9342,416949;2;0;0;0
9342,516949;10;0;0;0
9342,616949;4;0;0;0
9342,716949;3;0;0;0
9342,816949;1;0;0;0
9342,916949;8;0;0;0
9343,016949;3;0;0;0
9343,116949;3;0;0;0
9343,216949;4;0;0;0
9343,316949;2;0;0;0
9343,416949;5;0;0;0
9343,516949;3;0;0;0
9343,616949;8;0;0;0
9343,716949;3;0;0;0
9343,816949;4;0;0;0
9343,916949;4;0;0;0
9344,016949;6;0;0;0
9344,116949;6;0;0;0
9344,216949;3;0;0;0
9344,316949;3;0;0;0
9344,416949;4;0;0;0
9344,516949;4;0;0;0
9344,616949;4;0;0;0
9344,716949;3;0;0;0
9344,816949;3;0;0;0
9344,916949;3;0;0;0
9345,016949;5;0;0;0
9345,116949;2;0;0;0
9345,216949;3;0;0;0
9345,316949;6;0;0;0
9345,416949;3;0;0;0
9345,516949;4;0;0;0
9345,616949;2;0;0;0
9345,716949;10;0;0;0
9345,816949;3;0;0;0
9345,916949;3;0;0;0
9346,016949;3;0;0;0
9346,116949;3;0;0;0
9346,316949;3;0;0;0
9346,416949;2;0;0;0
9346,516949;3;0;0;0
9346,616949;1;0;0;0
9346,716949;1;0;0;0
9346,816949;2;0;0;0
9347,016949;2;0;0;0
9347,116949;5;0;0;0
9347,216949;2;0;0;0
9347,316949;4;0;0;0
9347,516949;1;0;0;0
9347,716949;3;0;0;0
9347,816949;2;0;0;0
9347,916949;5;0;0;0
9348,016949;1;0;0;0
9348,116949;1;0;0;0
9348,216949;1;0;0;0
9348,416949;3;0;0;0
9348,516949;3;0;0;0
9348,616949;4;0;0;0
9348,716949;4;0;0;0
9348,816949;2;0;0;0
9348,916949;2;0;0;0
9349,016949;1;0;0;0
9349,116949;4;0;0;0
9349,316949;2;0;0;0
9349,416949;1;0;0;0
9349,616949;1;0;0;0
9349,716949;1;0;0;0
9349,816949;2;0;0;0
9349,916949;2;0;0;0
9350,116949;3;0;0;0
9350,216949;2;0;0;0
9350,416949;2;0;0;0
9350,516949;1;0;0;0
9350,616949;1;0;0;0
9350,716949;1;0;0;0
9350,816949;1;0;0;0
9350,916949;1;0;0;0
9351,016949;2;0;0;0
9351,116949;3;0;0;0
9351,216949;1;0;0;0
9351,416949;1;0;0;0
9351,716949;1;0;0;0
9351,916949;1;0;0;0
9352,116949;1;0;0;0
9352,216949;3;0;0;0
9352,316949;3;0;0;0
9352,416949;1;0;0;0
9352,516949;1;0;0;0
9352,616949;1;0;0;0
9352,716949;1;0;0;0
9352,916949;3;0;0;0
9353,016949;1;0;0;0
9353,216949;1;0;0;0
9353,316949;1;0;0;0
9353,416949;2;0;0;0
9353,616949;1;0;0;0
9353,816949;1;0;0;0
9353,916949;2;0;0;0
9354,016949;1;0;0;0
9354,116949;4;0;0;0
9354,316949;1;0;0;0
9354,416949;1;0;0;0
9354,616949;1;0;0;0
9354,816949;1;0;0;0
9355,316949;1;0;0;0
9355,516949;1;0;0;0
9356,116949;1;0;0;0
9356,316949;1;0;0;0
9356,716949;1;0;0;0
9356,816949;1;0;0;0
9357,116949;1;0;0;0
9357,816949;1;0;0;0
9358,316949;1;0;0;0
9358,616949;1;0;0;0
9358,916949;1;0;0;0
9359,116949;1;0;0;0
9359,416949;1;0;0;0
9360,816949;1;0;0;0
9494,408475;2;0;0;0
9494,708475;1;0;0;0
9494,808475;2;0;0;0
9495,008475;1;0;0;0
9495,408475;1;0;0;0
9495,508475;1;0;0;0
9495,608475;2;0;0;0
9496,008475;1;0;0;0
9496,108475;1;0;0;0
9496,308475;1;0;0;0
9496,408475;1;0;0;0
9496,608475;3;0;0;0
9496,708475;2;0;0;0
9496,908475;2;0;0;0
9497,008475;2;0;0;0
9497,208475;2;0;0;0
9497,308475;4;0;0;0
9497,508475;3;0;0;0
9497,608475;1;0;0;0
9497,808475;1;0;0;0
9497,908475;2;0;0;0
9498,008475;3;0;0;0
9498,108475;2;0;0;0
9498,208475;4;0;0;0
9498,308475;4;0;0;0
9498,408475;5;0;0;0
9498,508475;5;0;0;0
9498,608475;1;0;0;0
9498,708475;3;0;0;0
9498,808475;1;0;0;0
9499,008475;1;0;0;0
9499,108475;5;0;0;0
9499,208475;3;0;0;0
9499,308475;3;0;0;0
9499,408475;3;0;0;0
9499,508475;2;0;0;0
9499,608475;2;0;0;0
9499,708475;3;0;0;0
9499,808475;1;0;0;0
9499,908475;4;0;0;0
9500,008475;5;0;0;0
9500,108475;4;0;0;0
9500,208475;4;0;0;0
9500,308475;4;0;0;0
9500,408475;6;0;0;0
9500,508475;1;0;0;0
9500,608475;2;0;0;0
9500,708475;2;0;0;0
9500,808475;1;0;0;0
9500,908475;4;0;0;0
9501,008475;6;0;0;0
9501,108475;5;0;0;0
9501,208475;5;0;0;0
9501,308475;1;0;0;0
9501,408475;2;0;0;0
9501,508475;3;0;0;0
9501,608475;6;0;0;0
9501,708475;8;0;0;0
9501,808475;5;0;0;0
9501,908475;5;0;0;0
9502,008475;6;0;0;0
9502,108475;8;0;0;0
9502,208475;4;0;0;0
9502,308475;7;0;0;0
9502,408475;7;0;0;0
9502,608475;7;0;0;0
9502,708475;7;0;0;0
9502,808475;5;0;0;0
9502,908475;2;0;0;0
9503,008475;7;0;0;0
9503,108475;2;0;0;0
9503,208475;6;0;0;0
9503,308475;4;0;0;0
9503,408475;8;0;0;0
9503,508475;11;0;0;0
9503,608475;3;0;0;0
9503,708475;5;0;0;0
9503,808475;8;0;0;0
9503,908475;7;0;0;0
9504,008475;4;0;0;0
9504,108475;4;0;0;0
9504,208475;5;0;0;0
9504,308475;4;0;0;0
9504,408475;5;0;0;0
9504,508475;4;0;0;0
9504,608475;9;0;0;0
9504,708475;6;0;0;0
9504,808475;7;0;0;0
9504,908475;6;0;0;0
9505,008475;6;0;0;0
9505,108475;4;0;0;0
9505,208475;4;0;0;0
9505,308475;7;0;0;0
9505,408475;5;0;0;0
9505,508475;6;0;0;0
9505,608475;8;0;0;0
9505,708475;6;0;0;0
9505,808475;6;0;0;0
9505,908475;1;0;0;0
9506,008475;5;0;0;0
9506,108475;6;0;0;0
9506,208475;11;0;0;0
9506,308475;9;0;0;0
9506,408475;6;0;0;0
9506,508475;3;0;0;0
9506,608475;5;0;0;0
9506,708475;6;0;0;0
9506,808475;5;0;0;0
9506,908475;5;0;0;0
9507,008475;4;0;0;0
9507,108475;1;0;0;0
9507,208475;7;0;0;0
9507,308475;4;0;0;0
9507,408475;6;0;0;0
9507,508475;4;0;0;0
9507,608475;4;0;0;0
9507,708475;3;0;0;0
9507,808475;9;0;0;0
9507,908475;6;0;0;0
9508,008475;1;0;0;0
9508,108475;8;0;0;0
9508,208475;7;0;0;0
9508,308475;4;0;0;0
9508,408475;6;0;0;0
9508,508475;4;0;0;0
9508,608475;5;0;0;0
9508,708475;6;0;0;0
9508,808475;6;0;0;0
9508,908475;5;0;0;0
9509,008475;7;0;0;0
9509,108475;7;0;0;0
9509,208475;8;0;0;0
9509,308475;3;0;0;0
9509,408475;8;0;0;0
9509,508475;8;0;0;0
9509,608475;6;0;0;0
9509,708475;5;0;0;0
9509,808475;4;0;0;0
9510,008475;3;0;0;0
9510,108475;2;0;0;0
9510,208475;5;0;0;0
9510,308475;1;0;0;0
9510,408475;5;0;0;0
9510,508475;2;0;0;0
9510,608475;3;0;0;0
9510,708475;5;0;0;0
9510,808475;6;0;0;0
9510,908475;7;0;0;0
9511,008475;2;0;0;0
9511,108475;5;0;0;0
9511,208475;3;0;0;0
9511,308475;4;0;0;0
9511,408475;5;0;0;0
9511,508475;4;0;0;0
9511,608475;4;0;0;0
9511,708475;5;0;0;0
9511,808475;3;0;0;0
9511,908475;8;0;0;0
9512,008475;2;0;0;0
9512,108475;8;0;0;0
9512,208475;4;0;0;0
9512,308475;4;0;0;0
9512,408475;7;0;0;0
9512,508475;4;0;0;0
9512,608475;2;0;0;0
9512,708475;4;0;0;0
9512,808475;2;0;0;0
9512,908475;6;0;0;0
9513,008475;7;0;0;0
9513,108475;9;0;0;0
9513,208475;6;0;0;0
9513,308475;2;0;0;0
9513,408475;3;0;0;0
9513,508475;3;0;0;0
9513,608475;7;0;0;0
9513,708475;10;0;0;0
9513,808475;2;0;0;0
9513,908475;3;0;0;0
9514,008475;6;0;0;0
9514,108475;5;0;0;0
9514,208475;2;0;0;0
9514,308475;4;0;0;0
9514,408475;1;0;0;0
9514,508475;5;0;0;0
9514,608475;3;0;0;0
9514,708475;4;0;0;0
9514,808475;2;0;0;0
9514,908475;3;0;0;0
9515,008475;2;0;0;0
9515,108475;4;0;0;0
9515,208475;1;0;0;0
9515,308475;4;0;0;0
9515,408475;1;0;0;0
9515,508475;3;0;0;0
9515,608475;2;0;0;0
9515,708475;7;0;0;0
9515,808475;3;0;0;0
9515,908475;5;0;0;0
9516,008475;3;0;0;0
9516,108475;2;0;0;0
9516,208475;4;0;0;0
9516,308475;2;0;0;0
9516,408475;2;0;0;0
9516,508475;3;0;0;0
9516,608475;5;0;0;0
9516,708475;1;0;0;0
9516,808475;5;0;0;0
9517,008475;1;0;0;0
9517,108475;3;0;0;0
9517,208475;3;0;0;0
9517,308475;1;0;0;0
9517,408475;2;0;0;0
9517,508475;5;0;0;0
9517,608475;4;0;0;0
9517,708475;1;0;0;0
9517,808475;5;0;0;0
9517,908475;3;0;0;0
9518,008475;5;0;0;0
9518,208475;3;0;0;0
9518,508475;1;0;0;0
9518,708475;1;0;0;0
9518,808475;1;0;0;0
9518,908475;1;0;0;0
9519,208475;1;0;0;0
9519,308475;2;0;0;0
9519,408475;1;0;0;0
9519,508475;4;0;0;0
9519,608475;1;0;0;0
9519,808475;1;0;0;0
9519,908475;5;0;0;0
9520,008475;6;0;0;0
9520,208475;4;0;0;0
9520,408475;2;0;0;0
9520,508475;2;0;0;0
9520,608475;2;0;0;0
9520,708475;2;0;0;0
9520,808475;5;0;0;0
9520,908475;2;0;0;0
9521,008475;1;0;0;0
9521,108475;2;0;0;0
9521,208475;2;0;0;0
9521,808475;3;0;0;0
9522,008475;1;0;0;0
9522,108475;1;0;0;0
9522,208475;2;0;0;0
9522,408475;2;0;0;0
9522,608475;2;0;0;0
9522,808475;2;0;0;0
9523,208475;2;0;0;0
9523,508475;2;0;0;0
9523,908475;2;0;0;0
9524,008475;3;0;0;0
9524,608475;1;0;0;0
9524,908475;2;0;0;0
9525,008475;1;0;0;0
9525,108475;1;0;0;0
9525,608475;1;0;0;0
9525,708475;2;0;0;0
9525,808475;3;0;0;0
9525,908475;1;0;0;0
9526,008475;1;0;0;0
9526,308475;1;0;0;0
9526,608475;1;0;0;0
9526,808475;2;0;0;0
9527,208475;1;0;0;0
9528,108475;1;0;0;0
9528,308475;1;0;0;0
9529,108475;1;0;0;0
9529,208475;1;0;0;0
9529,308475;1;0;0;0
9529,508475;1;0;0;0
9530,208475;1;0;0;0
9533,508475;1;0;0;0
9533,608475;1;0;0;0
9662,2;1;0;0;0
9664,3;1;0;0;0
9665,7;1;0;0;0
9665,8;2;0;0;0
9667;1;0;0;0
9667,1;1;0;0;0
9667,3;2;0;0;0
9667,4;1;0;0;0
9667,5;2;0;0;0
9667,6;1;0;0;0
9667,9;1;0;0;0
9668;1;0;0;0
9668,2;2;0;0;0
9668,3;2;0;0;0
9668,4;2;0;0;0
9668,5;1;0;0;0
9668,9;1;0;0;0
9669;2;0;0;0
9669,2;2;0;0;0
9669,5;1;0;0;0
9669,6;1;0;0;0
9669,7;1;0;0;0
9669,9;1;0;0;0
9670;1;0;0;0
9670,1;1;0;0;0
9670,2;1;0;0;0
9670,3;3;0;0;0
9670,4;2;0;0;0
9670,6;5;0;0;0
9670,7;3;0;0;0
9670,8;1;0;0;0
9670,9;1;0;0;0
9671;4;0;0;0
9671,1;1;0;0;0
9671,2;2;0;0;0
9671,3;1;0;0;0
9671,4;1;0;0;0
9671,5;1;0;0;0
9671,6;3;0;0;0
9671,7;4;0;0;0
9671,8;1;0;0;0
9671,9;1;0;0;0
9672;3;0;0;0
9672,1;2;0;0;0
9672,2;1;0;0;0
9672,3;1;0;0;0
9672,4;2;0;0;0
9672,6;2;0;0;0
9672,7;1;0;0;0
9672,8;1;0;0;0
9672,9;1;0;0;0
9673;2;0;0;0
9673,1;1;0;0;0
9673,2;4;0;0;0
9673,3;2;0;0;0
9673,4;1;0;0;0
9673,5;2;0;0;0
9673,6;3;0;0;0
9673,7;1;0;0;0
9673,8;3;0;0;0
9673,9;1;0;0;0
9674;4;0;0;0
9674,1;1;0;0;0
9674,2;6;0;0;0
9674,4;6;0;0;0
9674,5;3;0;0;0
9674,6;2;0;0;0
9674,7;2;0;0;0
9674,8;3;0;0;0
9674,9;1;0;0;0
9675;1;0;0;0
9675,1;2;0;0;0
9675,2;1;0;0;0
9675,3;6;0;0;0
9675,4;1;0;0;0
9675,5;1;0;0;0
9675,6;1;0;0;0
9675,7;3;0;0;0
9675,8;1;0;0;0
9675,9;4;0;0;0
9676;4;0;0;0
9676,1;1;0;0;0
9676,2;2;0;0;0
9676,3;3;0;0;0
9676,4;4;0;0;0
9676,5;2;0;0;0
9676,6;1;0;0;0
9676,7;2;0;0;0
9676,8;3;0;0;0
9676,9;5;0;0;0
9677;1;0;0;0
9677,1;1;0;0;0
9677,2;2;0;0;0
9677,3;1;0;0;0
9677,4;6;0;0;0
9677,5;2;0;0;0
9677,6;1;0;0;0
9677,7;4;0;0;0
9677,8;1;0;0;0
9677,9;2;0;0;0
9678;2;0;0;0
9678,1;3;0;0;0
9678,4;5;0;0;0
9678,5;6;0;0;0
9678,6;7;0;0;0
9678,7;4;0;0;0
9678,8;6;0;0;0
9678,9;4;0;0;0
9679;2;0;0;0
9679,1;3;0;0;0
9679,2;6;0;0;0
9679,3;4;0;0;0
9679,4;1;0;0;0
9679,5;2;0;0;0
9679,6;2;0;0;0
9679,7;4;0;0;0
9679,8;1;0;0;0
9679,9;2;0;0;0
9680;4;0;0;0
9680,1;1;0;0;0
9680,2;5;0;0;0
9680,3;6;0;0;0
9680,4;6;0;0;0
9680,5;2;0;0;0
9680,6;2;0;0;0
9680,7;2;0;0;0
9680,8;2;0;0;0
9680,9;1;0;0;0
9681;2;0;0;0
9681,2;2;0;0;0
9681,3;4;0;0;0
9681,4;3;0;0;0
9681,5;3;0;0;0
9681,7;1;0;0;0
9681,8;2;0;0;0
9681,9;1;0;0;0
9682;1;0;0;0
9682,1;4;0;0;0
9682,2;5;0;0;0
9682,3;2;0;0;0
9682,4;2;0;0;0
9682,5;1;0;0;0
9682,6;3;0;0;0
9682,7;5;0;0;0
9682,8;1;0;0;0
9682,9;1;0;0;0
9683;5;0;0;0
9683,1;3;0;0;0
9683,2;2;0;0;0
9683,3;3;0;0;0
9683,4;2;0;0;0
9683,5;1;0;0;0
9683,6;2;0;0;0
9683,7;2;0;0;0
9683,8;1;0;0;0
9683,9;5;0;0;0
9684;3;0;0;0
9684,1;3;0;0;0
9684,2;2;0;0;0
9684,3;2;0;0;0
9684,4;3;0;0;0
9684,5;2;0;0;0
9684,6;4;0;0;0
9684,7;1;0;0;0
9684,8;6;0;0;0
9685;2;0;0;0
9685,1;4;0;0;0
9685,2;2;0;0;0
9685,3;2;0;0;0
9685,4;2;0;0;0
9685,5;2;0;0;0
9685,7;1;0;0;0
9685,8;3;0;0;0
9685,9;2;0;0;0
9686;1;0;0;0
9686,1;3;0;0;0
9686,2;2;0;0;0
9686,4;1;0;0;0
9686,5;2;0;0;0
9686,6;1;0;0;0
9686,7;2;0;0;0
9686,8;2;0;0;0
9686,9;2;0;0;0
9687;1;0;0;0
9687,1;4;0;0;0
9687,2;4;0;0;0
9687,3;1;0;0;0
9687,4;3;0;0;0
9687,6;1;0;0;0
9687,7;2;0;0;0
9687,8;3;0;0;0
9687,9;1;0;0;0
9688;2;0;0;0
9688,1;1;0;0;0
9688,2;1;0;0;0
9688,3;3;0;0;0
9688,4;4;0;0;0
9688,5;1;0;0;0
9688,9;1;0;0;0
9689,1;1;0;0;0
9689,3;2;0;0;0
9689,4;1;0;0;0
9689,5;1;0;0;0
9689,8;2;0;0;0
9690;1;0;0;0
9690,3;1;0;0;0
9690,7;1;0;0;0
9691;1;0;0;0
9691,1;1;0;0;0
9691,2;1;0;0;0
9691,3;1;0;0;0
9691,4;2;0;0;0
9691,5;1;0;0;0
9691,8;1;0;0;0
9691,9;1;0;0;0
9692;1;0;0;0
9692,1;1;0;0;0
9692,5;1;0;0;0
9692,7;1;0;0;0
9692,8;1;0;0;0
9693;2;0;0;0
9693,1;1;0;0;0
9693,3;1;0;0;0
9693,7;1;0;0;0
9694,3;1;0;0;0
9694,7;1;0;0;0
9695,5;1;0;0;0
9695,6;1;0;0;0
9695,7;1;0;0;0
9696,1;1;0;0;0
9696,2;1;0;0;0
9696,3;1;0;0;0
9696,7;1;0;0;0
9696,8;1;0;0;0
9697,7;1;0;0;0
9699;1;0;0;0
9778,9;0;0;0;120
;;;;
;;;;
