0;0;0;75;0
2694,067416;0;1;0;0
2696,167416;0;1;0;0
2696,767416;0;1;0;0
2804,526966;0;1;0;0
2807,626966;0;1;0;0
2917,386517;0;1;0;0
2918,686517;0;2;0;0
2919,186517;0;1;0;0
2919,986517;0;1;0;0
2920,386517;0;1;0;0
2921,186517;0;1;0;0
3030,346067;0;1;0;0
3030,846067;0;1;0;0
3031,146067;0;1;0;0
3031,646067;0;2;0;0
3031,846067;0;1;0;0
3031,946067;0;1;0;0
3032,246067;0;1;0;0
3142,505618;0;1;0;0
3142,605618;0;1;0;0
3142,805618;0;1;0;0
3143,005618;0;1;0;0
3143,205618;0;1;0;0
3143,305618;0;1;0;0
3143,905618;0;1;0;0
3144,005618;0;1;0;0
3144,305618;0;1;0;0
3144,505618;0;1;0;0
3145,205618;0;1;0;0
3145,305618;0;1;0;0
3145,405618;0;1;0;0
3145,605618;0;1;0;0
3145,905618;0;2;0;0
3146,005618;0;1;0;0
3254,865169;0;1;0;0
3254,965169;0;1;0;0
3255,265169;0;2;0;0
3255,365169;0;3;0;0
3255,865169;0;2;0;0
3255,965169;0;1;0;0
3256,065169;0;2;0;0
3256,365169;0;2;0;0
3256,465169;0;1;0;0
3256,565169;0;4;0;0
3256,665169;0;1;0;0
3256,765169;0;2;0;0
3256,865169;0;2;0;0
3256,965169;0;2;0;0
3257,065169;0;3;0;0
3257,265169;0;3;0;0
3257,365169;0;3;0;0
3257,465169;0;1;0;0
3257,565169;0;2;0;0
3257,665169;0;1;0;0
3257,765169;0;1;0;0
3257,965169;0;1;0;0
3258,065169;0;1;0;0
3258,165169;0;1;0;0
3258,765169;0;2;0;0
3258,865169;0;1;0;0
3260,365169;0;1;0;0
3367,024719;0;1;0;0
3367,224719;0;1;0;0
3367,324719;0;1;0;0
3367,424719;0;1;0;0
3367,624719;0;1;0;0
3367,724719;0;2;0;0
3367,824719;0;2;0;0
3367,924719;0;2;0;0
3368,024719;0;1;0;0
3368,124719;0;1;0;0
3368,224719;0;1;0;0
3368,424719;0;3;0;0
3368,524719;0;1;0;0
3368,624719;0;2;0;0
3368,724719;0;2;0;0
3368,924719;0;3;0;0
3369,024719;0;2;0;0
3369,124719;0;1;0;0
3369,224719;0;2;0;0
3369,324719;0;2;0;0
3369,524719;0;4;0;0
3369,624719;0;1;0;0
3369,824719;0;2;0;0
3369,924719;0;2;0;0
3370,024719;0;1;0;0
3370,124719;0;1;0;0
3370,324719;0;1;0;0
3370,424719;0;4;0;0
3370,524719;0;2;0;0
3370,624719;0;2;0;0
3370,824719;0;1;0;0
3371,324719;0;1;0;0
3371,624719;0;1;0;0
3372,024719;0;2;0;0
3478,28427;0;1;0;0
3479,38427;0;1;0;0
3479,48427;0;2;0;0
3479,58427;0;1;0;0
3479,68427;0;2;0;0
3479,88427;0;3;0;0
3480,08427;0;2;0;0
3480,18427;0;3;0;0
3480,28427;0;4;0;0
3480,38427;0;2;0;0
3480,48427;0;2;0;0
3480,58427;0;3;0;0
3480,68427;0;2;0;0
3480,78427;0;4;0;0
3480,88427;0;1;0;0
3480,98427;0;6;0;0
3481,08427;0;2;0;0
3481,18427;0;4;0;0
3481,28427;0;1;0;0
3481,38427;0;4;0;0
3481,48427;0;5;0;0
3481,58427;0;3;0;0
3481,68427;0;6;0;0
3481,78427;0;5;0;0
3481,88427;0;3;0;0
3481,98427;0;3;0;0
3482,08427;0;2;0;0
3482,18427;0;4;0;0
3482,28427;0;2;0;0
3482,38427;0;6;0;0
3482,48427;0;1;0;0
3482,58427;0;1;0;0
3482,68427;0;3;0;0
3482,78427;0;2;0;0
3482,88427;0;4;0;0
3482,98427;0;1;0;0
3483,08427;0;4;0;0
3483,18427;0;1;0;0
3483,28427;0;2;0;0
3483,38427;0;1;0;0
3483,48427;0;1;0;0
3483,58427;0;2;0;0
3483,68427;0;1;0;0
3483,78427;0;1;0;0
3483,88427;0;1;0;0
3483,98427;0;1;0;0
3484,98427;0;1;0;0
3485,18427;0;1;0;0
3487,48427;0;1;0;0
3591,44382;0;1;0;0
3591,54382;0;1;0;0
3591,64382;0;1;0;0
3591,74382;0;3;0;0
3592,04382;0;5;0;0
3592,14382;0;1;0;0
3592,24382;0;3;0;0
3592,34382;0;1;0;0
3592,44382;0;4;0;0
3592,54382;0;4;0;0
3592,64382;0;5;0;0
3592,74382;0;2;0;0
3592,84382;0;6;0;0
3592,94382;0;4;0;0
3593,04382;0;6;0;0
3593,14382;0;5;0;0
3593,24382;0;6;0;0
3593,34382;0;6;0;0
3593,44382;0;9;0;0
3593,54382;0;9;0;0
3593,64382;0;7;0;0
3593,74382;0;9;0;0
3593,84382;0;8;0;0
3593,94382;0;10;0;0
3594,04382;0;6;0;0
3594,14382;0;7;0;0
3594,24382;0;4;0;0
3594,34382;0;6;0;0
3594,44382;0;9;0;0
3594,54382;0;3;0;0
3594,64382;0;8;0;0
3594,74382;0;3;0;0
3594,84382;0;4;0;0
3594,94382;0;3;0;0
3595,04382;0;4;0;0
3595,14382;0;2;0;0
3595,24382;0;4;0;0
3595,34382;0;4;0;0
3595,44382;0;3;0;0
3595,54382;0;4;0;0
3595,64382;0;3;0;0
3595,74382;0;3;0;0
3596,04382;0;3;0;0
3596,24382;0;2;0;0
3596,34382;0;1;0;0
3596,54382;0;1;0;0
3596,64382;0;1;0;0
3596,74382;0;1;0;0
3596,94382;0;1;0;0
3597,04382;0;1;0;0
3597,44382;0;1;0;0
3597,64382;0;1;0;0
3703,303371;0;1;0;0
3703,503371;0;1;0;0
3703,603371;0;1;0;0
3703,703371;0;2;0;0
3703,903371;0;4;0;0
3704,003371;0;2;0;0
3704,103371;0;1;0;0
3704,203371;0;1;0;0
3704,303371;0;4;0;0
3704,403371;0;3;0;0
3704,503371;0;3;0;0
3704,603371;0;3;0;0
3704,703371;0;3;0;0
3704,803371;0;5;0;0
3704,903371;0;5;0;0
3705,003371;0;3;0;0
3705,103371;0;5;0;0
3705,203371;0;5;0;0
3705,303371;0;7;0;0
3705,403371;0;6;0;0
3705,503371;0;12;0;0
3705,603371;0;7;0;0
3705,703371;0;7;0;0
3705,803371;0;8;0;0
3705,903371;0;11;0;0
3706,003371;0;6;0;0
3706,103371;0;13;0;0
3706,203371;0;9;0;0
3706,303371;0;15;0;0
3706,403371;0;16;0;0
3706,503371;0;7;0;0
3706,603371;0;11;0;0
3706,703371;0;12;0;0
3706,803371;0;7;0;0
3706,903371;0;6;0;0
3707,003371;0;14;0;0
3707,103371;0;7;0;0
3707,203371;0;6;0;0
3707,303371;0;8;0;0
3707,403371;0;3;0;0
3707,503371;0;7;0;0
3707,603371;0;3;0;0
3707,703371;0;8;0;0
3707,803371;0;5;0;0
3707,903371;0;4;0;0
3708,003371;0;2;0;0
3708,103371;0;5;0;0
3708,203371;0;4;0;0
3708,303371;0;3;0;0
3708,403371;0;5;0;0
3708,503371;0;2;0;0
3708,603371;0;3;0;0
3708,703371;0;1;0;0
3708,803371;0;2;0;0
3708,903371;0;4;0;0
3709,003371;0;1;0;0
3709,103371;0;1;0;0
3709,203371;0;1;0;0
3709,503371;0;1;0;0
3709,603371;0;1;0;0
3709,803371;0;1;0;0
3709,903371;0;1;0;0
3711,103371;0;1;0;0
3815,462921;0;1;0;0
3815,662921;0;1;0;0
3815,762921;0;2;0;0
3816,062921;0;3;0;0
3816,162921;0;2;0;0
3816,262921;0;1;0;0
3816,362921;0;3;0;0
3816,562921;0;4;0;0
3816,662921;0;4;0;0
3816,762921;0;4;0;0
3816,862921;0;5;0;0
3816,962921;0;7;0;0
3817,062921;0;3;0;0
3817,162921;0;7;0;0
3817,262921;0;8;0;0
3817,362921;0;12;0;0
3817,462921;0;7;0;0
3817,562921;0;12;0;0
3817,662921;0;9;0;0
3817,762921;0;15;0;0
3817,862921;0;10;0;0
3817,962921;0;15;0;0
3818,062921;0;18;0;0
3818,162921;0;14;0;0
3818,262921;0;13;0;0
3818,362921;0;13;0;0
3818,462921;0;13;0;0
3818,562921;0;12;0;0
3818,662921;0;14;0;0
3818,762921;0;13;0;0
3818,862921;0;14;0;0
3818,962921;0;8;0;0
3819,062921;0;12;0;0
3819,162921;0;17;0;0
3819,262921;0;8;0;0
3819,362921;0;10;0;0
3819,462921;0;16;0;0
3819,562921;0;8;0;0
3819,662921;0;10;0;0
3819,762921;0;12;0;0
3819,862921;0;4;0;0
3819,962921;0;7;0;0
3820,062921;0;12;0;0
3820,162921;0;6;0;0
3820,262921;0;5;0;0
3820,362921;0;6;0;0
3820,462921;0;6;0;0
3820,562921;0;6;0;0
3820,662921;0;3;0;0
3820,762921;0;1;0;0
3820,862921;0;2;0;0
3820,962921;0;2;0;0
3821,062921;0;5;0;0
3821,162921;0;3;0;0
3821,262921;0;2;0;0
3821,362921;0;3;0;0
3821,462921;0;2;0;0
3821,562921;0;2;0;0
3821,662921;0;1;0;0
3821,762921;0;3;0;0
3822,362921;0;1;0;0
3822,562921;0;1;0;0
3824,162921;0;1;0;0
3927,822472;0;1;0;0
3928,222472;0;1;0;0
3928,322472;0;1;0;0
3928,422472;0;2;0;0
3928,522472;0;1;0;0
3928,622472;0;5;0;0
3928,722472;0;3;0;0
3928,822472;0;3;0;0
3928,922472;0;7;0;0
3929,022472;0;1;0;0
3929,122472;0;3;0;0
3929,222472;0;9;0;0
3929,322472;0;11;0;0
3929,422472;0;7;0;0
3929,522472;0;13;0;0
3929,622472;0;9;0;0
3929,722472;0;13;0;0
3929,822472;0;12;0;0
3929,922472;0;12;0;0
3930,022472;0;17;0;0
3930,122472;0;11;0;0
3930,222472;0;18;0;0
3930,322472;0;16;0;0
3930,422472;0;22;0;0
3930,522472;0;14;0;0
3930,622472;0;20;0;0
3930,722472;0;18;0;0
3930,822472;0;15;0;0
3930,922472;0;20;0;0
3931,022472;0;16;0;0
3931,122472;0;14;0;0
3931,222472;0;21;0;0
3931,322472;0;20;0;0
3931,422472;0;20;0;0
3931,522472;0;19;0;0
3931,622472;0;15;0;0
3931,722472;0;12;0;0
3931,822472;0;23;0;0
3931,922472;0;11;0;0
3932,022472;0;13;0;0
3932,122472;0;9;0;0
3932,222472;0;13;0;0
3932,322472;0;10;0;0
3932,422472;0;9;0;0
3932,522472;0;10;0;0
3932,622472;0;8;0;0
3932,722472;0;6;0;0
3932,822472;0;9;0;0
3932,922472;0;8;0;0
3933,022472;0;5;0;0
3933,122472;0;7;0;0
3933,222472;0;3;0;0
3933,322472;0;2;0;0
3933,422472;0;3;0;0
3933,522472;0;7;0;0
3933,622472;0;1;0;0
3933,722472;0;2;0;0
3933,822472;0;4;0;0
3933,922472;0;4;0;0
3934,022472;0;2;0;0
3934,222472;0;1;0;0
3934,322472;0;1;0;0
3934,422472;0;1;0;0
3934,522472;0;3;0;0
3934,622472;0;2;0;0
3934,722472;0;1;0;0
3934,922472;0;1;0;0
3935,122472;0;1;0;0
4039,882022;0;1;0;0
4040,282022;0;1;0;0
4040,582022;0;1;0;0
4040,782022;0;1;0;0
4041,082022;0;4;0;0
4041,182022;0;3;0;0
4041,282022;0;4;0;0
4041,382022;0;7;0;0
4041,482022;0;7;0;0
4041,582022;0;10;0;0
4041,682022;0;5;0;0
4041,782022;0;8;0;0
4041,882022;0;13;0;0
4041,982022;0;9;0;0
4042,082022;0;10;0;0
4042,182022;0;14;0;0
4042,282022;0;13;0;0
4042,382022;0;15;0;0
4042,482022;0;20;0;0
4042,582022;0;19;0;0
4042,682022;0;26;0;0
4042,782022;0;22;0;0
4042,882022;0;27;0;0
4042,982022;0;22;0;0
4043,082022;0;34;0;0
4043,182022;0;24;0;0
4043,282022;0;34;0;0
4043,382022;0;21;0;0
4043,482022;0;24;0;0
4043,582022;0;15;0;0
4043,682022;0;22;0;0
4043,782022;0;20;0;0
4043,882022;0;19;0;0
4043,982022;0;17;0;0
4044,082022;0;15;0;0
4044,182022;0;16;0;0
4044,282022;0;15;0;0
4044,382022;0;22;0;0
4044,482022;0;19;0;0
4044,582022;0;8;0;0
4044,682022;0;13;0;0
4044,782022;0;7;0;0
4044,882022;0;18;0;0
4044,982022;0;12;0;0
4045,082022;0;9;0;0
4045,182022;0;7;0;0
4045,282022;0;8;0;0
4045,382022;0;2;0;0
4045,482022;0;5;0;0
4045,582022;0;4;0;0
4045,682022;0;6;0;0
4045,782022;0;5;0;0
4045,882022;0;4;0;0
4045,982022;0;2;0;0
4046,082022;0;3;0;0
4046,182022;0;1;0;0
4046,282022;0;6;0;0
4046,482022;0;1;0;0
4046,582022;0;1;0;0
4046,782022;0;1;0;0
4046,882022;0;1;0;0
4047,082022;0;1;0;0
4047,282022;0;1;0;0
4047,382022;0;1;0;0
4048,082022;0;1;0;0
4152,741573;0;1;0;0
4152,841573;0;1;0;0
4152,941573;0;3;0;0
4153,041573;0;3;0;0
4153,141573;0;2;0;0
4153,241573;0;3;0;0
4153,341573;0;3;0;0
4153,441573;0;3;0;0
4153,541573;0;6;0;0
4153,641573;0;4;0;0
4153,741573;0;6;0;0
4153,841573;0;4;0;0
4153,941573;0;7;0;0
4154,041573;0;12;0;0
4154,141573;0;8;0;0
4154,241573;0;11;0;0
4154,341573;0;12;0;0
4154,441573;0;23;0;0
4154,541573;0;14;0;0
4154,641573;0;20;0;0
4154,741573;0;25;0;0
4154,841573;0;15;0;0
4154,941573;0;31;0;0
4155,041573;0;20;0;0
4155,141573;0;16;0;0
4155,241573;0;23;0;0
4155,341573;0;23;0;0
4155,441573;0;26;0;0
4155,541573;0;22;0;0
4155,641573;0;26;0;0
4155,741573;0;22;0;0
4155,841573;0;27;0;0
4155,941573;0;33;0;0
4156,041573;0;26;0;0
4156,141573;0;25;0;0
4156,241573;0;34;0;0
4156,341573;0;25;0;0
4156,441573;0;16;0;0
4156,541573;0;33;0;0
4156,641573;0;20;0;0
4156,741573;0;25;0;0
4156,841573;0;20;0;0
4156,941573;0;13;0;0
4157,041573;0;12;0;0
4157,141573;0;13;0;0
4157,241573;0;10;0;0
4157,341573;0;16;0;0
4157,441573;0;8;0;0
4157,541573;0;4;0;0
4157,641573;0;19;0;0
4157,741573;0;8;0;0
4157,841573;0;7;0;0
4157,941573;0;4;0;0
4158,041573;0;8;0;0
4158,141573;0;6;0;0
4158,241573;0;8;0;0
4158,341573;0;5;0;0
4158,441573;0;4;0;0
4158,541573;0;1;0;0
4158,641573;0;5;0;0
4158,741573;0;3;0;0
4158,841573;0;1;0;0
4158,941573;0;1;0;0
4159,041573;0;3;0;0
4159,141573;0;3;0;0
4159,541573;0;3;0;0
4159,641573;0;2;0;0
4159,741573;0;1;0;0
4160,241573;0;1;0;0
4160,541573;0;1;0;0
4161,241573;0;1;0;0
4170,241573;0;1;0;0
4264,701124;0;1;0;0
4265,101124;0;2;0;0
4265,301124;0;2;0;0
4265,401124;0;1;0;0
4265,501124;0;1;0;0
4265,601124;0;2;0;0
4265,701124;0;1;0;0
4265,801124;0;6;0;0
4265,901124;0;3;0;0
4266,001124;0;6;0;0
4266,101124;0;7;0;0
4266,201124;0;9;0;0
4266,301124;0;10;0;0
4266,401124;0;19;0;0
4266,501124;0;11;0;0
4266,601124;0;14;0;0
4266,701124;0;18;0;0
4266,801124;0;20;0;0
4266,901124;0;16;0;0
4267,001124;0;18;0;0
4267,101124;0;16;0;0
4267,201124;0;19;0;0
4267,301124;0;19;0;0
4267,401124;0;19;0;0
4267,501124;0;33;0;0
4267,601124;0;33;0;0
4267,701124;0;30;0;0
4267,801124;0;31;0;0
4267,901124;0;23;0;0
4268,001124;0;27;0;0
4268,101124;0;32;0;0
4268,201124;0;36;0;0
4268,301124;0;31;0;0
4268,401124;0;28;0;0
4268,501124;0;26;0;0
4268,601124;0;27;0;0
4268,701124;0;24;0;0
4268,801124;0;19;0;0
4268,901124;0;23;0;0
4269,001124;0;17;0;0
4269,101124;0;25;0;0
4269,201124;0;16;0;0
4269,301124;0;19;0;0
4269,401124;0;15;0;0
4269,501124;0;16;0;0
4269,601124;0;12;0;0
4269,701124;0;16;0;0
4269,801124;0;10;0;0
4269,901124;0;12;0;0
4270,001124;0;13;0;0
4270,101124;0;12;0;0
4270,201124;0;8;0;0
4270,301124;0;5;0;0
4270,401124;0;5;0;0
4270,501124;0;6;0;0
4270,601124;0;4;0;0
4270,701124;0;5;0;0
4270,801124;0;4;0;0
4270,901124;0;8;0;0
4271,001124;0;2;0;0
4271,101124;0;1;0;0
4271,201124;0;4;0;0
4271,301124;0;3;0;0
4271,501124;0;2;0;0
4271,701124;0;5;0;0
4271,801124;0;1;0;0
4271,901124;0;2;0;0
4272,001124;0;2;0;0
4272,101124;0;2;0;0
4272,501124;0;1;0;0
4272,601124;0;1;0;0
4273,001124;0;1;0;0
4273,101124;0;1;0;0
4377,560674;0;3;0;0
4377,660674;0;2;0;0
4377,760674;0;1;0;0
4377,860674;0;4;0;0
4377,960674;0;2;0;0
4378,060674;0;3;0;0
4378,160674;0;5;0;0
4378,260674;0;4;0;0
4378,360674;0;7;0;0
4378,460674;0;7;0;0
4378,560674;0;5;0;0
4378,660674;0;10;0;0
4378,760674;0;11;0;0
4378,860674;0;10;0;0
4378,960674;0;14;0;0
4379,060674;0;9;0;0
4379,160674;0;23;0;0
4379,260674;0;15;0;0
4379,360674;0;18;0;0
4379,460674;0;17;0;0
4379,560674;0;20;0;0
4379,660674;0;20;0;0
4379,760674;0;28;0;0
4379,860674;0;35;0;0
4379,960674;0;30;0;0
4380,060674;0;36;0;0
4380,160674;0;34;0;0
4380,260674;0;44;0;0
4380,360674;0;27;0;0
4380,460674;0;32;0;0
4380,560674;0;32;0;0
4380,660674;0;21;0;0
4380,760674;0;29;0;0
4380,860674;0;23;0;0
4380,960674;0;23;0;0
4381,060674;0;20;0;0
4381,160674;0;31;0;0
4381,260674;0;19;0;0
4381,360674;0;21;0;0
4381,460674;0;25;0;0
4381,560674;0;19;0;0
4381,660674;0;16;0;0
4381,760674;0;11;0;0
4381,860674;0;18;0;0
4381,960674;0;13;0;0
4382,060674;0;10;0;0
4382,160674;0;21;0;0
4382,260674;0;11;0;0
4382,360674;0;18;0;0
4382,460674;0;8;0;0
4382,560674;0;8;0;0
4382,660674;0;7;0;0
4382,760674;0;7;0;0
4382,860674;0;5;0;0
4382,960674;0;6;0;0
4383,060674;0;8;0;0
4383,160674;0;3;0;0
4383,260674;0;6;0;0
4383,360674;0;2;0;0
4383,460674;0;4;0;0
4383,560674;0;2;0;0
4383,760674;0;1;0;0
4383,860674;0;1;0;0
4383,960674;0;1;0;0
4384,060674;0;2;0;0
4384,360674;0;1;0;0
4384,460674;0;1;0;0
4384,560674;0;1;0;0
4384,660674;0;1;0;0
4384,760674;0;1;0;0
4384,860674;0;1;0;0
4384,960674;0;1;0;0
4385,060674;0;1;0;0
4385,660674;0;1;0;0
4489,620225;0;1;0;0
4489,720225;0;1;0;0
4490,020225;0;3;0;0
4490,120225;0;1;0;0
4490,220225;0;1;0;0
4490,320225;0;3;0;0
4490,420225;0;3;0;0
4490,520225;0;6;0;0
4490,620225;0;3;0;0
4490,720225;0;6;0;0
4490,820225;0;6;0;0
4490,920225;0;8;0;0
4491,020225;0;9;0;0
4491,120225;0;8;0;0
4491,220225;0;8;0;0
4491,320225;0;10;0;0
4491,420225;0;15;0;0
4491,520225;0;14;0;0
4491,620225;0;15;0;0
4491,720225;0;22;0;0
4491,820225;0;21;0;0
4491,920225;0;18;0;0
4492,020225;0;25;0;0
4492,120225;0;21;0;0
4492,220225;0;24;0;0
4492,320225;0;28;0;0
4492,420225;0;27;0;0
4492,520225;0;31;0;0
4492,620225;0;23;0;0
4492,720225;0;28;0;0
4492,820225;0;28;0;0
4492,920225;0;29;0;0
4493,020225;0;34;0;0
4493,120225;0;33;0;0
4493,220225;0;22;0;0
4493,320225;0;31;0;0
4493,420225;0;24;0;0
4493,520225;0;25;0;0
4493,620225;0;26;0;0
4493,720225;0;22;0;0
4493,820225;0;16;0;0
4493,920225;0;17;0;0
4494,020225;0;15;0;0
4494,120225;0;18;0;0
4494,220225;0;14;0;0
4494,320225;0;16;0;0
4494,420225;0;18;0;0
4494,520225;0;16;0;0
4494,620225;0;12;0;0
4494,720225;0;9;0;0
4494,820225;0;10;0;0
4494,920225;0;8;0;0
4495,020225;0;4;0;0
4495,120225;0;5;0;0
4495,220225;0;7;0;0
4495,320225;0;6;0;0
4495,420225;0;2;0;0
4495,520225;0;5;0;0
4495,620225;0;4;0;0
4495,720225;0;4;0;0
4495,820225;0;5;0;0
4495,920225;0;7;0;0
4496,020225;0;3;0;0
4496,120225;0;3;0;0
4496,220225;0;3;0;0
4496,320225;0;2;0;0
4496,420225;0;3;0;0
4497,120225;0;1;0;0
4497,320225;0;1;0;0
4497,820225;0;1;0;0
4500,720225;0;1;0;0
4601,579775;0;1;0;0
4602,379775;0;1;0;0
4602,579775;0;3;0;0
4602,679775;0;2;0;0
4602,779775;0;3;0;0
4602,879775;0;3;0;0
4602,979775;0;2;0;0
4603,079775;0;1;0;0
4603,179775;0;8;0;0
4603,279775;0;8;0;0
4603,379775;0;14;0;0
4603,479775;0;4;0;0
4603,579775;0;6;0;0
4603,679775;0;8;0;0
4603,779775;0;12;0;0
4603,879775;0;10;0;0
4603,979775;0;18;0;0
4604,079775;0;22;0;0
4604,179775;0;23;0;0
4604,279775;0;24;0;0
4604,379775;0;23;0;0
4604,479775;0;18;0;0
4604,579775;0;28;0;0
4604,679775;0;23;0;0
4604,779775;0;24;0;0
4604,879775;0;25;0;0
4604,979775;0;27;0;0
4605,079775;0;26;0;0
4605,179775;0;26;0;0
4605,279775;0;28;0;0
4605,379775;0;23;0;0
4605,479775;0;19;0;0
4605,579775;0;24;0;0
4605,679775;0;28;0;0
4605,779775;0;27;0;0
4605,879775;0;27;0;0
4605,979775;0;20;0;0
4606,079775;0;32;0;0
4606,179775;0;19;0;0
4606,279775;0;18;0;0
4606,379775;0;9;0;0
4606,479775;0;15;0;0
4606,579775;0;7;0;0
4606,679775;0;11;0;0
4606,779775;0;7;0;0
4606,879775;0;16;0;0
4606,979775;0;7;0;0
4607,079775;0;6;0;0
4607,179775;0;10;0;0
4607,279775;0;8;0;0
4607,379775;0;7;0;0
4607,479775;0;5;0;0
4607,579775;0;5;0;0
4607,679775;0;8;0;0
4607,779775;0;3;0;0
4607,879775;0;5;0;0
4607,979775;0;6;0;0
4608,079775;0;5;0;0
4608,179775;0;5;0;0
4608,279775;0;4;0;0
4608,379775;0;3;0;0
4608,479775;0;2;0;0
4608,579775;0;2;0;0
4608,679775;0;2;0;0
4608,879775;0;1;0;0
4608,979775;0;1;0;0
4609,279775;0;2;0;0
4609,379775;0;1;0;0
4610,779775;0;1;0;0
4611,779775;0;1;0;0
4714,739326;0;4;0;0
4714,939326;0;1;0;0
4715,039326;0;1;0;0
4715,139326;0;4;0;0
4715,239326;0;2;0;0
4715,339326;0;3;0;0
4715,439326;0;6;0;0
4715,539326;0;6;0;0
4715,639326;0;5;0;0
4715,739326;0;4;0;0
4715,839326;0;9;0;0
4715,939326;0;8;0;0
4716,039326;0;14;0;0
4716,139326;0;10;0;0
4716,239326;0;18;0;0
4716,339326;0;11;0;0
4716,439326;0;10;0;0
4716,539326;0;8;0;0
4716,639326;0;15;0;0
4716,739326;0;15;0;0
4716,839326;0;14;0;0
4716,939326;0;23;0;0
4717,039326;0;20;0;0
4717,139326;0;28;0;0
4717,239326;0;17;0;0
4717,339326;0;33;0;0
4717,439326;0;21;0;0
4717,539326;0;30;0;0
4717,639326;0;13;0;0
4717,739326;0;23;0;0
4717,839326;0;25;0;0
4717,939326;0;25;0;0
4718,039326;0;16;0;0
4718,139326;0;21;0;0
4718,239326;0;24;0;0
4718,339326;0;17;0;0
4718,439326;0;19;0;0
4718,539326;0;14;0;0
4718,639326;0;24;0;0
4718,739326;0;17;0;0
4718,839326;0;18;0;0
4718,939326;0;12;0;0
4719,039326;0;6;0;0
4719,139326;0;9;0;0
4719,239326;0;13;0;0
4719,339326;0;6;0;0
4719,439326;0;13;0;0
4719,539326;0;5;0;0
4719,639326;0;11;0;0
4719,739326;0;3;0;0
4719,839326;0;6;0;0
4719,939326;0;7;0;0
4720,039326;0;6;0;0
4720,139326;0;8;0;0
4720,239326;0;2;0;0
4720,339326;0;3;0;0
4720,439326;0;6;0;0
4720,539326;0;8;0;0
4720,639326;0;2;0;0
4720,739326;0;1;0;0
4720,839326;0;3;0;0
4721,039326;0;2;0;0
4721,139326;0;1;0;0
4721,239326;0;1;0;0
4721,339326;0;1;0;0
4721,439326;0;1;0;0
4721,739326;0;1;0;0
4721,839326;0;1;0;0
4722,539326;0;1;0;0
4722,939326;0;1;0;0
4826,298876;0;1;0;0
4826,998876;0;2;0;0
4827,398876;0;2;0;0
4827,598876;0;2;0;0
4827,698876;0;1;0;0
4827,798876;0;3;0;0
4827,898876;0;3;0;0
4827,998876;0;3;0;0
4828,098876;0;4;0;0
4828,198876;0;7;0;0
4828,298876;0;6;0;0
4828,398876;0;10;0;0
4828,498876;0;8;0;0
4828,598876;0;4;0;0
4828,698876;0;14;0;0
4828,798876;0;11;0;0
4828,898876;0;14;0;0
4828,998876;0;12;0;0
4829,098876;0;16;0;0
4829,198876;0;20;0;0
4829,298876;0;17;0;0
4829,398876;0;17;0;0
4829,498876;0;11;0;0
4829,598876;0;15;0;0
4829,698876;0;18;0;0
4829,798876;0;15;0;0
4829,898876;0;18;0;0
4829,998876;0;17;0;0
4830,098876;0;11;0;0
4830,198876;0;18;0;0
4830,298876;0;16;0;0
4830,398876;0;17;0;0
4830,498876;0;24;0;0
4830,598876;0;21;0;0
4830,698876;0;12;0;0
4830,798876;0;19;0;0
4830,898876;0;23;0;0
4830,998876;0;9;0;0
4831,098876;0;17;0;0
4831,198876;0;13;0;0
4831,298876;0;14;0;0
4831,398876;0;13;0;0
4831,498876;0;11;0;0
4831,598876;0;5;0;0
4831,698876;0;6;0;0
4831,798876;0;8;0;0
4831,898876;0;6;0;0
4831,998876;0;8;0;0
4832,098876;0;5;0;0
4832,198876;0;9;0;0
4832,298876;0;3;0;0
4832,398876;0;6;0;0
4832,498876;0;2;0;0
4832,598876;0;5;0;0
4832,698876;0;1;0;0
4832,798876;0;3;0;0
4832,898876;0;1;0;0
4832,998876;0;4;0;0
4833,298876;0;1;0;0
4833,398876;0;2;0;0
4833,498876;0;1;0;0
4833,598876;0;2;0;0
4833,698876;0;1;0;0
4833,798876;0;3;0;0
4834,098876;0;1;0;0
4834,198876;0;1;0;0
4834,598876;0;1;0;0
4834,698876;0;1;0;0
4834,798876;0;3;0;0
4836,098876;0;1;0;0
4840,198876;0;1;0;0
4843,598876;0;1;0;0
4939,758427;0;3;0;0
4939,858427;0;1;0;0
4939,958427;0;1;0;0
4940,058427;0;6;0;0
4940,158427;0;2;0;0
4940,258427;0;1;0;0
4940,358427;0;5;0;0
4940,458427;0;7;0;0
4940,558427;0;2;0;0
4940,658427;0;5;0;0
4940,758427;0;9;0;0
4940,858427;0;7;0;0
4940,958427;0;13;0;0
4941,058427;0;10;0;0
4941,158427;0;8;0;0
4941,258427;0;10;0;0
4941,358427;0;12;0;0
4941,458427;0;12;0;0
4941,558427;0;12;0;0
4941,658427;0;16;0;0
4941,758427;0;16;0;0
4941,858427;0;5;0;0
4941,958427;0;17;0;0
4942,058427;0;9;0;0
4942,158427;0;18;0;0
4942,258427;0;20;0;0
4942,358427;0;15;0;0
4942,458427;0;17;0;0
4942,558427;0;14;0;0
4942,658427;0;11;0;0
4942,758427;0;14;0;0
4942,858427;0;15;0;0
4942,958427;0;13;0;0
4943,058427;0;13;0;0
4943,158427;0;14;0;0
4943,258427;0;13;0;0
4943,358427;0;12;0;0
4943,458427;0;9;0;0
4943,558427;0;2;0;0
4943,658427;0;12;0;0
4943,758427;0;9;0;0
4943,858427;0;3;0;0
4943,958427;0;9;0;0
4944,058427;0;7;0;0
4944,158427;0;4;0;0
4944,258427;0;5;0;0
4944,358427;0;2;0;0
4944,458427;0;3;0;0
4944,558427;0;6;0;0
4944,658427;0;3;0;0
4944,758427;0;6;0;0
4944,858427;0;4;0;0
4944,958427;0;5;0;0
4945,058427;0;1;0;0
4945,158427;0;2;0;0
4945,258427;0;2;0;0
4945,358427;0;2;0;0
4945,458427;0;3;0;0
4945,558427;0;1;0;0
4945,658427;0;1;0;0
4945,758427;0;1;0;0
4945,858427;0;1;0;0
4946,758427;0;2;0;0
4946,858427;0;1;0;0
4947,458427;0;1;0;0
4951,358427;0;1;0;0
5051,317978;0;1;0;0
5051,717978;0;1;0;0
5052,117978;0;2;0;0
5052,217978;0;3;0;0
5052,317978;0;1;0;0
5052,417978;0;1;0;0
5052,517978;0;1;0;0
5052,617978;0;3;0;0
5052,717978;0;2;0;0
5052,817978;0;2;0;0
5052,917978;0;1;0;0
5053,017978;0;1;0;0
5053,117978;0;8;0;0
5053,217978;0;7;0;0
5053,317978;0;4;0;0
5053,417978;0;7;0;0
5053,517978;0;7;0;0
5053,617978;0;4;0;0
5053,717978;0;7;0;0
5053,817978;0;10;0;0
5053,917978;0;11;0;0
5054,017978;0;4;0;0
5054,117978;0;8;0;0
5054,217978;0;6;0;0
5054,317978;0;11;0;0
5054,417978;0;9;0;0
5054,517978;0;13;0;0
5054,617978;0;16;0;0
5054,717978;0;7;0;0
5054,817978;0;12;0;0
5054,917978;0;8;0;0
5055,017978;0;11;0;0
5055,117978;0;13;0;0
5055,217978;0;8;0;0
5055,317978;0;5;0;0
5055,417978;0;20;0;0
5055,517978;0;8;0;0
5055,617978;0;4;0;0
5055,717978;0;7;0;0
5055,817978;0;7;0;0
5055,917978;0;14;0;0
5056,017978;0;6;0;0
5056,117978;0;12;0;0
5056,217978;0;6;0;0
5056,317978;0;3;0;0
5056,417978;0;9;0;0
5056,517978;0;7;0;0
5056,617978;0;4;0;0
5056,717978;0;2;0;0
5056,817978;0;2;0;0
5056,917978;0;1;0;0
5057,017978;0;5;0;0
5057,117978;0;8;0;0
5057,217978;0;5;0;0
5057,317978;0;3;0;0
5057,417978;0;3;0;0
5057,517978;0;5;0;0
5057,617978;0;2;0;0
5057,717978;0;3;0;0
5057,817978;0;1;0;0
5058,017978;0;1;0;0
5058,317978;0;1;0;0
5058,417978;0;1;0;0
5058,717978;0;1;0;0
5059,017978;0;1;0;0
5059,617978;0;1;0;0
5059,817978;0;1;0;0
5060,017978;0;1;0;0
5060,117978;0;1;0;0
5062,517978;0;1;0;0
5164,377528;0;2;0;0
5164,477528;0;1;0;0
5164,577528;0;2;0;0
5164,777528;0;1;0;0
5164,877528;0;2;0;0
5164,977528;0;2;0;0
5165,077528;0;1;0;0
5165,177528;0;6;0;0
5165,277528;0;2;0;0
5165,377528;0;3;0;0
5165,477528;0;4;0;0
5165,577528;0;6;0;0
5165,677528;0;2;0;0
5165,777528;0;1;0;0
5165,877528;0;9;0;0
5165,977528;0;2;0;0
5166,077528;0;6;0;0
5166,177528;0;2;0;0
5166,277528;0;7;0;0
5166,377528;0;3;0;0
5166,477528;0;8;0;0
5166,577528;0;6;0;0
5166,677528;0;10;0;0
5166,777528;0;14;0;0
5166,877528;0;5;0;0
5166,977528;0;10;0;0
5167,077528;0;5;0;0
5167,177528;0;8;0;0
5167,277528;0;8;0;0
5167,377528;0;5;0;0
5167,477528;0;4;0;0
5167,577528;0;6;0;0
5167,677528;0;9;0;0
5167,777528;0;7;0;0
5167,877528;0;9;0;0
5167,977528;0;7;0;0
5168,077528;0;4;0;0
5168,177528;0;6;0;0
5168,277528;0;4;0;0
5168,377528;0;4;0;0
5168,477528;0;2;0;0
5168,577528;0;7;0;0
5168,677528;0;8;0;0
5168,777528;0;2;0;0
5168,877528;0;4;0;0
5168,977528;0;2;0;0
5169,077528;0;4;0;0
5169,177528;0;3;0;0
5169,277528;0;2;0;0
5169,477528;0;3;0;0
5169,577528;0;4;0;0
5169,677528;0;1;0;0
5169,777528;0;4;0;0
5169,977528;0;3;0;0
5170,077528;0;1;0;0
5170,177528;0;1;0;0
5170,277528;0;2;0;0
5170,577528;0;1;0;0
5170,677528;0;1;0;0
5170,877528;0;1;0;0
5174,777528;0;1;0;0
5276,237079;0;1;0;0
5276,537079;0;1;0;0
5276,937079;0;1;0;0
5277,137079;0;2;0;0
5277,237079;0;2;0;0
5277,337079;0;3;0;0
5277,437079;0;3;0;0
5277,537079;0;2;0;0
5277,637079;0;3;0;0
5277,737079;0;1;0;0
5277,837079;0;1;0;0
5277,937079;0;2;0;0
5278,037079;0;3;0;0
5278,137079;0;7;0;0
5278,237079;0;4;0;0
5278,337079;0;3;0;0
5278,437079;0;6;0;0
5278,537079;0;4;0;0
5278,637079;0;2;0;0
5278,737079;0;4;0;0
5278,837079;0;4;0;0
5278,937079;0;4;0;0
5279,037079;0;6;0;0
5279,137079;0;7;0;0
5279,237079;0;5;0;0
5279,337079;0;6;0;0
5279,437079;0;5;0;0
5279,537079;0;6;0;0
5279,637079;0;7;0;0
5279,737079;0;9;0;0
5279,837079;0;5;0;0
5279,937079;0;5;0;0
5280,037079;0;8;0;0
5280,137079;0;7;0;0
5280,237079;0;2;0;0
5280,337079;0;4;0;0
5280,437079;0;5;0;0
5280,537079;0;4;0;0
5280,637079;0;3;0;0
5280,737079;0;2;0;0
5280,837079;0;4;0;0
5280,937079;0;3;0;0
5281,037079;0;2;0;0
5281,137079;0;1;0;0
5281,237079;0;2;0;0
5281,337079;0;5;0;0
5281,437079;0;3;0;0
5281,537079;0;1;0;0
5281,637079;0;3;0;0
5281,737079;0;2;0;0
5281,937079;0;2;0;0
5282,437079;0;1;0;0
5282,537079;0;2;0;0
5282,837079;0;3;0;0
5283,137079;0;2;0;0
5283,837079;0;1;0;0
5284,337079;0;1;0;0
5389,096629;0;1;0;0
5389,696629;0;3;0;0
5389,996629;0;4;0;0
5390,196629;0;1;0;0
5390,296629;0;1;0;0
5390,396629;0;3;0;0
5390,496629;0;3;0;0
5390,596629;0;1;0;0
5390,696629;0;4;0;0
5390,796629;0;3;0;0
5390,896629;0;1;0;0
5390,996629;0;2;0;0
5391,096629;0;4;0;0
5391,196629;0;7;0;0
5391,296629;0;3;0;0
5391,396629;0;6;0;0
5391,496629;0;6;0;0
5391,596629;0;4;0;0
5391,696629;0;6;0;0
5391,796629;0;3;0;0
5391,996629;0;1;0;0
5392,096629;0;6;0;0
5392,196629;0;5;0;0
5392,296629;0;5;0;0
5392,496629;0;3;0;0
5392,596629;0;2;0;0
5392,696629;0;2;0;0
5392,796629;0;3;0;0
5392,896629;0;5;0;0
5392,996629;0;1;0;0
5393,096629;0;4;0;0
5393,196629;0;3;0;0
5393,296629;0;3;0;0
5393,396629;0;1;0;0
5393,496629;0;2;0;0
5393,696629;0;1;0;0
5393,896629;0;2;0;0
5394,096629;0;1;0;0
5394,296629;0;2;0;0
5394,396629;0;1;0;0
5394,496629;0;1;0;0
5394,596629;0;1;0;0
5394,696629;0;1;0;0
5394,796629;0;1;0;0
5395,096629;0;1;0;0
5395,196629;0;2;0;0
5395,296629;0;1;0;0
5395,496629;0;1;0;0
5395,696629;0;1;0;0
5395,996629;0;1;0;0
5501,85618;0;3;0;0
5502,15618;0;1;0;0
5502,35618;0;1;0;0
5502,65618;0;1;0;0
5502,75618;0;2;0;0
5502,85618;0;3;0;0
5502,95618;0;1;0;0
5503,15618;0;2;0;0
5503,25618;0;1;0;0
5503,35618;0;1;0;0
5503,45618;0;5;0;0
5503,55618;0;5;0;0
5503,65618;0;2;0;0
5503,85618;0;4;0;0
5503,95618;0;3;0;0
5504,05618;0;1;0;0
5504,15618;0;5;0;0
5504,25618;0;2;0;0
5504,35618;0;3;0;0
5504,45618;0;5;0;0
5504,55618;0;2;0;0
5504,65618;0;5;0;0
5504,75618;0;1;0;0
5504,85618;0;1;0;0
5504,95618;0;2;0;0
5505,05618;0;1;0;0
5505,25618;0;2;0;0
5505,35618;0;2;0;0
5505,45618;0;3;0;0
5505,55618;0;1;0;0
5505,65618;0;1;0;0
5505,75618;0;3;0;0
5505,95618;0;1;0;0
5506,05618;0;6;0;0
5506,15618;0;1;0;0
5506,35618;0;1;0;0
5506,55618;0;3;0;0
5506,95618;0;2;0;0
5507,75618;0;1;0;0
5508,45618;0;1;0;0
5508,55618;0;1;0;0
5509,35618;0;1;0;0
5509,65618;0;1;0;0
5613,71573;0;1;0;0
5614,31573;0;1;0;0
5614,71573;0;1;0;0
5615,11573;0;1;0;0
5615,21573;0;1;0;0
5615,31573;0;1;0;0
5615,41573;0;2;0;0
5615,51573;0;1;0;0
5615,61573;0;4;0;0
5615,71573;0;1;0;0
5615,81573;0;1;0;0
5616,01573;0;1;0;0
5616,11573;0;4;0;0
5616,21573;0;2;0;0
5616,31573;0;1;0;0
5616,41573;0;1;0;0
5616,51573;0;5;0;0
5616,61573;0;1;0;0
5616,71573;0;2;0;0
5616,81573;0;2;0;0
5616,91573;0;1;0;0
5617,01573;0;2;0;0
5617,11573;0;3;0;0
5617,21573;0;3;0;0
5617,41573;0;3;0;0
5617,61573;0;1;0;0
5617,71573;0;1;0;0
5617,91573;0;1;0;0
5618,11573;0;1;0;0
5618,21573;0;1;0;0
5618,51573;0;1;0;0
5618,71573;0;1;0;0
5619,21573;0;1;0;0
5619,31573;0;2;0;0
5619,51573;0;1;0;0
5620,11573;0;1;0;0
5620,41573;0;1;0;0
5620,51573;0;1;0;0
5621,51573;0;1;0;0
5623,31573;0;1;0;0
5726,375281;0;1;0;0
5726,675281;0;1;0;0
5726,975281;0;1;0;0
5727,075281;0;1;0;0
5727,175281;0;1;0;0
5727,275281;0;1;0;0
5727,375281;0;1;0;0
5727,575281;0;1;0;0
5727,675281;0;1;0;0
5727,875281;0;1;0;0
5727,975281;0;2;0;0
5728,175281;0;1;0;0
5728,375281;0;3;0;0
5728,475281;0;1;0;0
5728,575281;0;3;0;0
5728,675281;0;1;0;0
5728,775281;0;1;0;0
5728,875281;0;1;0;0
5728,975281;0;2;0;0
5729,075281;0;4;0;0
5729,175281;0;2;0;0
5729,275281;0;1;0;0
5729,475281;0;2;0;0
5729,575281;0;1;0;0
5730,475281;0;1;0;0
5730,575281;0;4;0;0
5731,075281;0;1;0;0
5731,275281;0;1;0;0
5731,475281;0;1;0;0
5731,875281;0;1;0;0
5732,375281;0;1;0;0
5733,475281;0;1;0;0
5840,434831;0;1;0;0
5840,734831;0;1;0;0
5840,834831;0;1;0;0
5840,934831;0;1;0;0
5841,134831;0;1;0;0
5841,234831;0;1;0;0
5841,534831;0;1;0;0
5841,634831;0;2;0;0
5842,034831;0;1;0;0
5842,134831;0;2;0;0
5842,534831;0;1;0;0
5843,134831;0;1;0;0
5843,234831;0;1;0;0
5843,334831;0;1;0;0
5843,734831;0;1;0;0
5844,334831;0;1;0;0
5844,634831;0;1;0;0
5846,834831;0;1;0;0
5952,594382;0;1;0;0
5952,794382;0;1;0;0
5952,994382;0;1;0;0
5953,294382;0;1;0;0
5953,394382;0;1;0;0
5953,494382;0;1;0;0
5954,094382;0;1;0;0
5954,794382;0;1;0;0
5954,894382;0;1;0;0
5955,494382;0;2;0;0
5958,694382;0;1;0;0
6064,053933;0;1;0;0
6064,853933;0;2;0;0
6064,953933;0;1;0;0
6065,153933;0;1;0;0
6065,753933;0;1;0;0
6065,953933;0;1;0;0
6066,553933;0;1;0;0
6067,053933;0;2;0;0
6067,153933;0;1;0;0
6067,653933;0;1;0;0
6177,413483;0;1;0;0
6179,813483;0;1;0;0
6180,713483;0;1;0;0
6296,373034;0;1;0;0
6410,632584;0;1;0;0
6644,351685;1;0;0;0
6747,011236;1;0;0;0
7198,449438;1;0;0;0
7310,508989;1;0;0;0
7420,468539;1;0;0;0
7421,668539;1;0;0;0
7422,968539;1;0;0;0
7530,32809;1;0;0;0
7530,82809;1;0;0;0
7532,72809;1;0;0;0
7533,92809;1;0;0;0
7538,42809;1;0;0;0
7539,62809;1;0;0;0
7540,12809;1;0;0;0
7542,82809;1;0;0;0
7642,68764;1;0;0;0
7642,78764;1;0;0;0
7642,88764;1;0;0;0
7643,58764;1;0;0;0
7644,78764;1;0;0;0
7644,88764;1;0;0;0
7645,78764;1;0;0;0
7646,18764;1;0;0;0
7647,08764;1;0;0;0
7648,48764;1;0;0;0
7649,08764;1;0;0;0
7649,68764;1;0;0;0
7652,48764;1;0;0;0
7656,88764;1;0;0;0
7657,28764;1;0;0;0
7753,447191;1;0;0;0
7754,347191;1;0;0;0
7755,147191;1;0;0;0
7755,647191;1;0;0;0
7756,847191;1;0;0;0
7757,447191;1;0;0;0
7757,547191;1;0;0;0
7757,747191;1;0;0;0
7758,247191;1;0;0;0
7758,447191;1;0;0;0
7758,647191;1;0;0;0
7758,747191;2;0;0;0
7759,147191;1;0;0;0
7759,347191;1;0;0;0
7759,847191;1;0;0;0
7760,947191;1;0;0;0
7763,047191;1;0;0;0
7763,247191;1;0;0;0
7763,647191;1;0;0;0
7763,947191;1;0;0;0
7764,347191;1;0;0;0
7764,447191;1;0;0;0
7765,747191;1;0;0;0
7766,647191;1;0;0;0
7766,947191;1;0;0;0
7767,447191;1;0;0;0
7768,547191;1;0;0;0
7769,347191;1;0;0;0
7770,547191;1;0;0;0
7868,406742;1;0;0;0
7868,506742;1;0;0;0
7868,906742;1;0;0;0
7869,306742;1;0;0;0
7869,806742;2;0;0;0
7870,006742;1;0;0;0
7870,606742;2;0;0;0
7870,906742;1;0;0;0
7871,706742;1;0;0;0
7872,006742;2;0;0;0
7872,506742;2;0;0;0
7872,806742;1;0;0;0
7873,106742;1;0;0;0
7873,506742;1;0;0;0
7873,706742;2;0;0;0
7873,806742;1;0;0;0
7874,106742;1;0;0;0
7874,706742;1;0;0;0
7875,106742;2;0;0;0
7875,406742;1;0;0;0
7875,906742;1;0;0;0
7876,306742;1;0;0;0
7877,506742;1;0;0;0
7879,406742;1;0;0;0
7880,306742;1;0;0;0
7883,706742;1;0;0;0
7887,606742;1;0;0;0
7976,066292;1;0;0;0
7977,866292;1;0;0;0
7979,266292;1;0;0;0
7979,366292;1;0;0;0
7979,466292;1;0;0;0
7980,166292;1;0;0;0
7980,566292;2;0;0;0
7980,866292;1;0;0;0
7981,066292;1;0;0;0
7981,866292;1;0;0;0
7981,966292;1;0;0;0
7982,466292;1;0;0;0
7982,866292;1;0;0;0
7982,966292;1;0;0;0
7983,666292;1;0;0;0
7984,566292;1;0;0;0
7984,666292;4;0;0;0
7984,766292;1;0;0;0
7984,866292;1;0;0;0
7985,066292;2;0;0;0
7985,266292;1;0;0;0
7985,366292;3;0;0;0
7985,466292;1;0;0;0
7985,666292;1;0;0;0
7986,066292;3;0;0;0
7986,566292;1;0;0;0
7986,866292;2;0;0;0
7986,966292;1;0;0;0
7987,066292;2;0;0;0
7987,266292;1;0;0;0
7987,366292;2;0;0;0
7987,666292;1;0;0;0
7987,766292;2;0;0;0
7988,266292;1;0;0;0
7988,366292;1;0;0;0
7988,466292;1;0;0;0
7988,866292;2;0;0;0
7988,966292;1;0;0;0
7989,666292;1;0;0;0
7989,766292;1;0;0;0
7989,866292;1;0;0;0
7990,266292;2;0;0;0
7990,466292;1;0;0;0
7991,166292;1;0;0;0
7991,766292;1;0;0;0
7992,266292;1;0;0;0
7992,666292;1;0;0;0
7992,866292;1;0;0;0
7992,966292;1;0;0;0
7993,666292;1;0;0;0
7993,766292;1;0;0;0
7994,466292;1;0;0;0
7994,766292;1;0;0;0
7995,466292;1;0;0;0
7995,866292;1;0;0;0
7996,266292;1;0;0;0
8000,466292;1;0;0;0
8088,725843;1;0;0;0
8091,725843;1;0;0;0
8091,825843;1;0;0;0
8091,925843;1;0;0;0
8092,025843;1;0;0;0
8092,125843;1;0;0;0
8092,425843;1;0;0;0
8092,625843;2;0;0;0
8093,025843;1;0;0;0
8093,225843;1;0;0;0
8093,425843;1;0;0;0
8093,825843;1;0;0;0
8094,425843;1;0;0;0
8094,625843;1;0;0;0
8094,725843;1;0;0;0
8094,925843;1;0;0;0
8095,025843;2;0;0;0
8095,125843;1;0;0;0
8095,325843;1;0;0;0
8095,725843;1;0;0;0
8095,825843;3;0;0;0
8096,125843;3;0;0;0
8096,325843;1;0;0;0
8096,925843;1;0;0;0
8097,125843;2;0;0;0
8097,225843;1;0;0;0
8097,525843;3;0;0;0
8097,725843;2;0;0;0
8097,825843;1;0;0;0
8097,925843;1;0;0;0
8098,025843;1;0;0;0
8098,125843;2;0;0;0
8098,225843;2;0;0;0
8098,425843;4;0;0;0
8098,625843;1;0;0;0
8098,725843;2;0;0;0
8098,925843;1;0;0;0
8099,025843;2;0;0;0
8099,125843;1;0;0;0
8099,225843;1;0;0;0
8099,325843;1;0;0;0
8099,425843;2;0;0;0
8100,225843;1;0;0;0
8100,425843;1;0;0;0
8100,525843;3;0;0;0
8100,625843;1;0;0;0
8100,725843;3;0;0;0
8100,925843;1;0;0;0
8101,025843;2;0;0;0
8101,225843;1;0;0;0
8101,325843;3;0;0;0
8101,425843;2;0;0;0
8101,825843;1;0;0;0
8102,025843;1;0;0;0
8102,125843;1;0;0;0
8102,525843;1;0;0;0
8102,625843;1;0;0;0
8102,725843;1;0;0;0
8103,325843;2;0;0;0
8103,625843;1;0;0;0
8104,125843;1;0;0;0
8104,325843;2;0;0;0
8104,525843;1;0;0;0
8104,725843;1;0;0;0
8105,225843;1;0;0;0
8105,325843;1;0;0;0
8105,425843;1;0;0;0
8105,725843;1;0;0;0
8106,125843;1;0;0;0
8106,425843;1;0;0;0
8106,625843;1;0;0;0
8108,225843;1;0;0;0
8109,925843;1;0;0;0
8111,225843;1;0;0;0
8111,325843;1;0;0;0
8202,485393;1;0;0;0
8203,385393;3;0;0;0
8203,485393;1;0;0;0
8203,985393;1;0;0;0
8204,285393;3;0;0;0
8204,385393;1;0;0;0
8204,685393;1;0;0;0
8204,785393;1;0;0;0
8204,885393;2;0;0;0
8204,985393;1;0;0;0
8205,085393;1;0;0;0
8205,185393;2;0;0;0
8205,485393;1;0;0;0
8205,585393;1;0;0;0
8206,685393;1;0;0;0
8206,885393;1;0;0;0
8206,985393;3;0;0;0
8207,085393;1;0;0;0
8207,185393;2;0;0;0
8207,285393;1;0;0;0
8207,485393;1;0;0;0
8207,585393;2;0;0;0
8207,685393;2;0;0;0
8207,785393;2;0;0;0
8207,985393;2;0;0;0
8208,285393;1;0;0;0
8208,485393;2;0;0;0
8208,585393;3;0;0;0
8208,785393;2;0;0;0
8208,885393;3;0;0;0
8209,185393;2;0;0;0
8209,385393;2;0;0;0
8209,485393;2;0;0;0
8209,785393;1;0;0;0
8209,885393;2;0;0;0
8210,085393;2;0;0;0
8210,285393;4;0;0;0
8210,585393;1;0;0;0
8210,685393;1;0;0;0
8210,785393;2;0;0;0
8210,885393;2;0;0;0
8210,985393;1;0;0;0
8211,085393;1;0;0;0
8211,185393;2;0;0;0
8211,385393;1;0;0;0
8211,485393;2;0;0;0
8211,585393;1;0;0;0
8211,685393;1;0;0;0
8211,785393;1;0;0;0
8211,885393;1;0;0;0
8211,985393;1;0;0;0
8212,085393;2;0;0;0
8212,185393;1;0;0;0
8212,485393;1;0;0;0
8212,685393;2;0;0;0
8212,885393;3;0;0;0
8212,985393;1;0;0;0
8213,185393;2;0;0;0
8213,285393;4;0;0;0
8213,385393;2;0;0;0
8213,485393;2;0;0;0
8213,885393;1;0;0;0
8213,985393;2;0;0;0
8214,085393;4;0;0;0
8214,285393;1;0;0;0
8214,485393;2;0;0;0
8214,585393;1;0;0;0
8214,685393;2;0;0;0
8214,985393;1;0;0;0
8215,185393;1;0;0;0
8215,285393;2;0;0;0
8215,585393;1;0;0;0
8215,685393;1;0;0;0
8215,885393;1;0;0;0
8215,985393;2;0;0;0
8216,085393;2;0;0;0
8216,185393;2;0;0;0
8216,385393;1;0;0;0
8216,485393;1;0;0;0
8216,685393;1;0;0;0
8216,785393;1;0;0;0
8217,385393;1;0;0;0
8217,485393;1;0;0;0
8217,685393;2;0;0;0
8217,785393;1;0;0;0
8218,085393;1;0;0;0
8218,485393;1;0;0;0
8218,785393;1;0;0;0
8218,885393;1;0;0;0
8218,985393;1;0;0;0
8219,385393;1;0;0;0
8219,485393;2;0;0;0
8219,785393;1;0;0;0
8220,685393;1;0;0;0
8220,885393;1;0;0;0
8221,085393;1;0;0;0
8221,785393;2;0;0;0
8222,185393;1;0;0;0
8222,785393;1;0;0;0
8222,985393;1;0;0;0
8223,685393;1;0;0;0
8225,385393;1;0;0;0
8315,544944;1;0;0;0
8315,844944;1;0;0;0
8316,744944;1;0;0;0
8316,844944;1;0;0;0
8316,944944;1;0;0;0
8317,044944;1;0;0;0
8317,244944;1;0;0;0
8317,344944;1;0;0;0
8317,444944;1;0;0;0
8317,544944;2;0;0;0
8317,744944;1;0;0;0
8318,044944;2;0;0;0
8318,244944;2;0;0;0
8318,344944;1;0;0;0
8318,444944;4;0;0;0
8318,544944;1;0;0;0
8318,744944;1;0;0;0
8319,144944;1;0;0;0
8319,244944;1;0;0;0
8319,344944;1;0;0;0
8319,544944;3;0;0;0
8319,644944;2;0;0;0
8319,744944;1;0;0;0
8319,844944;1;0;0;0
8319,944944;2;0;0;0
8320,144944;1;0;0;0
8320,244944;1;0;0;0
8320,344944;2;0;0;0
8320,444944;2;0;0;0
8320,544944;1;0;0;0
8320,644944;1;0;0;0
8320,744944;4;0;0;0
8320,844944;2;0;0;0
8320,944944;1;0;0;0
8321,044944;4;0;0;0
8321,244944;3;0;0;0
8321,344944;1;0;0;0
8321,444944;3;0;0;0
8321,544944;1;0;0;0
8321,644944;2;0;0;0
8321,744944;5;0;0;0
8321,844944;3;0;0;0
8321,944944;2;0;0;0
8322,044944;1;0;0;0
8322,344944;5;0;0;0
8322,444944;1;0;0;0
8322,544944;1;0;0;0
8322,644944;5;0;0;0
8322,744944;1;0;0;0
8322,844944;2;0;0;0
8322,944944;3;0;0;0
8323,044944;1;0;0;0
8323,144944;3;0;0;0
8323,244944;4;0;0;0
8323,344944;4;0;0;0
8323,444944;5;0;0;0
8323,544944;3;0;0;0
8323,644944;1;0;0;0
8323,744944;2;0;0;0
8323,844944;2;0;0;0
8323,944944;4;0;0;0
8324,044944;1;0;0;0
8324,144944;1;0;0;0
8324,244944;3;0;0;0
8324,344944;3;0;0;0
8324,444944;3;0;0;0
8324,544944;2;0;0;0
8324,644944;1;0;0;0
8324,844944;1;0;0;0
8324,944944;1;0;0;0
8325,044944;3;0;0;0
8325,144944;4;0;0;0
8325,244944;2;0;0;0
8325,344944;2;0;0;0
8325,444944;3;0;0;0
8325,544944;3;0;0;0
8325,644944;1;0;0;0
8325,844944;1;0;0;0
8325,944944;2;0;0;0
8326,044944;1;0;0;0
8326,144944;2;0;0;0
8326,244944;5;0;0;0
8326,444944;5;0;0;0
8326,544944;2;0;0;0
8326,744944;4;0;0;0
8326,844944;3;0;0;0
8326,944944;3;0;0;0
8327,044944;3;0;0;0
8327,144944;1;0;0;0
8327,244944;1;0;0;0
8327,344944;3;0;0;0
8327,544944;2;0;0;0
8327,644944;4;0;0;0
8327,744944;1;0;0;0
8327,844944;1;0;0;0
8328,044944;1;0;0;0
8328,144944;1;0;0;0
8328,344944;1;0;0;0
8328,444944;1;0;0;0
8328,544944;1;0;0;0
8328,644944;1;0;0;0
8328,744944;1;0;0;0
8328,844944;1;0;0;0
8329,244944;3;0;0;0
8329,544944;2;0;0;0
8329,644944;2;0;0;0
8329,744944;1;0;0;0
8329,844944;1;0;0;0
8329,944944;1;0;0;0
8330,344944;1;0;0;0
8330,444944;2;0;0;0
8330,644944;1;0;0;0
8330,844944;1;0;0;0
8330,944944;1;0;0;0
8331,444944;2;0;0;0
8331,544944;1;0;0;0
8331,644944;1;0;0;0
8331,744944;2;0;0;0
8332,044944;1;0;0;0
8332,144944;2;0;0;0
8332,344944;1;0;0;0
8332,544944;1;0;0;0
8333,344944;1;0;0;0
8333,444944;1;0;0;0
8333,644944;1;0;0;0
8333,744944;1;0;0;0
8334,044944;1;0;0;0
8334,444944;1;0;0;0
8334,944944;1;0;0;0
8335,144944;1;0;0;0
8335,344944;1;0;0;0
8336,044944;1;0;0;0
8337,644944;1;0;0;0
8344,744944;1;0;0;0
8424,904494;1;0;0;0
8427,504494;1;0;0;0
8428,204494;1;0;0;0
8428,304494;1;0;0;0
8428,504494;1;0;0;0
8428,604494;2;0;0;0
8429,004494;1;0;0;0
8429,204494;1;0;0;0
8429,404494;1;0;0;0
8429,504494;3;0;0;0
8429,904494;3;0;0;0
8430,004494;1;0;0;0
8430,104494;1;0;0;0
8430,304494;4;0;0;0
8430,404494;3;0;0;0
8430,504494;2;0;0;0
8430,604494;3;0;0;0
8430,904494;1;0;0;0
8431,004494;1;0;0;0
8431,204494;1;0;0;0
8431,304494;1;0;0;0
8431,504494;3;0;0;0
8431,704494;5;0;0;0
8431,804494;1;0;0;0
8431,904494;1;0;0;0
8432,104494;4;0;0;0
8432,304494;2;0;0;0
8432,404494;1;0;0;0
8432,504494;3;0;0;0
8432,604494;2;0;0;0
8432,704494;3;0;0;0
8432,804494;1;0;0;0
8432,904494;1;0;0;0
8433,004494;1;0;0;0
8433,104494;3;0;0;0
8433,204494;1;0;0;0
8433,304494;1;0;0;0
8433,404494;1;0;0;0
8433,504494;2;0;0;0
8433,604494;2;0;0;0
8433,704494;3;0;0;0
8433,804494;2;0;0;0
8433,904494;1;0;0;0
8434,004494;2;0;0;0
8434,104494;4;0;0;0
8434,204494;1;0;0;0
8434,304494;1;0;0;0
8434,404494;5;0;0;0
8434,604494;2;0;0;0
8434,804494;1;0;0;0
8434,904494;2;0;0;0
8435,004494;1;0;0;0
8435,104494;2;0;0;0
8435,204494;1;0;0;0
8435,304494;1;0;0;0
8435,404494;2;0;0;0
8435,504494;3;0;0;0
8435,604494;3;0;0;0
8435,704494;8;0;0;0
8435,804494;1;0;0;0
8435,904494;5;0;0;0
8436,004494;2;0;0;0
8436,104494;3;0;0;0
8436,204494;3;0;0;0
8436,304494;3;0;0;0
8436,404494;5;0;0;0
8436,504494;2;0;0;0
8436,604494;2;0;0;0
8436,704494;1;0;0;0
8436,804494;2;0;0;0
8436,904494;2;0;0;0
8437,004494;1;0;0;0
8437,204494;2;0;0;0
8437,304494;2;0;0;0
8437,404494;3;0;0;0
8437,504494;3;0;0;0
8437,604494;1;0;0;0
8437,704494;1;0;0;0
8437,804494;1;0;0;0
8437,904494;3;0;0;0
8438,004494;1;0;0;0
8438,104494;2;0;0;0
8438,204494;2;0;0;0
8438,304494;3;0;0;0
8438,404494;3;0;0;0
8438,504494;3;0;0;0
8438,604494;4;0;0;0
8438,704494;6;0;0;0
8438,804494;2;0;0;0
8438,904494;2;0;0;0
8439,004494;5;0;0;0
8439,104494;3;0;0;0
8439,204494;5;0;0;0
8439,304494;3;0;0;0
8439,404494;1;0;0;0
8439,504494;1;0;0;0
8439,604494;1;0;0;0
8439,704494;3;0;0;0
8439,804494;3;0;0;0
8439,904494;2;0;0;0
8440,004494;4;0;0;0
8440,104494;1;0;0;0
8440,204494;3;0;0;0
8440,304494;1;0;0;0
8440,404494;4;0;0;0
8440,504494;2;0;0;0
8440,604494;4;0;0;0
8440,704494;1;0;0;0
8440,904494;1;0;0;0
8441,104494;5;0;0;0
8441,204494;1;0;0;0
8441,304494;1;0;0;0
8441,404494;3;0;0;0
8441,604494;3;0;0;0
8441,704494;2;0;0;0
8441,804494;1;0;0;0
8442,004494;1;0;0;0
8442,104494;1;0;0;0
8442,404494;3;0;0;0
8442,504494;1;0;0;0
8442,604494;1;0;0;0
8442,804494;1;0;0;0
8442,904494;4;0;0;0
8443,104494;1;0;0;0
8443,204494;1;0;0;0
8443,304494;3;0;0;0
8443,504494;1;0;0;0
8443,604494;1;0;0;0
8443,804494;1;0;0;0
8443,904494;3;0;0;0
8444,104494;1;0;0;0
8444,604494;3;0;0;0
8444,704494;3;0;0;0
8444,804494;1;0;0;0
8445,104494;1;0;0;0
8445,304494;1;0;0;0
8445,504494;2;0;0;0
8445,704494;1;0;0;0
8445,804494;2;0;0;0
8446,504494;1;0;0;0
8446,804494;1;0;0;0
8447,604494;1;0;0;0
8447,804494;2;0;0;0
8447,904494;1;0;0;0
8448,004494;1;0;0;0
8448,504494;1;0;0;0
8448,704494;2;0;0;0
8448,904494;1;0;0;0
8449,504494;1;0;0;0
8451,204494;1;0;0;0
8451,504494;2;0;0;0
8451,704494;2;0;0;0
8451,904494;1;0;0;0
8453,204494;1;0;0;0
8453,504494;1;0;0;0
8454,604494;1;0;0;0
8465,404494;1;0;0;0
8539,264045;2;0;0;0
8540,164045;1;0;0;0
8540,264045;1;0;0;0
8540,464045;1;0;0;0
8540,564045;1;0;0;0
8540,764045;1;0;0;0
8540,864045;1;0;0;0
8541,064045;2;0;0;0
8541,364045;1;0;0;0
8541,464045;2;0;0;0
8541,564045;2;0;0;0
8541,764045;3;0;0;0
8541,864045;1;0;0;0
8542,064045;2;0;0;0
8542,264045;1;0;0;0
8542,364045;2;0;0;0
8542,464045;5;0;0;0
8542,564045;1;0;0;0
8542,664045;2;0;0;0
8542,764045;3;0;0;0
8542,864045;1;0;0;0
8542,964045;1;0;0;0
8543,064045;4;0;0;0
8543,164045;1;0;0;0
8543,264045;2;0;0;0
8543,364045;1;0;0;0
8543,564045;2;0;0;0
8543,664045;2;0;0;0
8543,764045;1;0;0;0
8543,964045;1;0;0;0
8544,064045;1;0;0;0
8544,164045;3;0;0;0
8544,264045;1;0;0;0
8544,364045;3;0;0;0
8544,564045;5;0;0;0
8544,664045;2;0;0;0
8544,764045;3;0;0;0
8544,864045;4;0;0;0
8544,964045;5;0;0;0
8545,064045;5;0;0;0
8545,164045;3;0;0;0
8545,264045;2;0;0;0
8545,364045;5;0;0;0
8545,464045;7;0;0;0
8545,564045;5;0;0;0
8545,664045;5;0;0;0
8545,764045;2;0;0;0
8545,864045;6;0;0;0
8545,964045;5;0;0;0
8546,064045;6;0;0;0
8546,164045;8;0;0;0
8546,264045;4;0;0;0
8546,364045;5;0;0;0
8546,464045;2;0;0;0
8546,564045;2;0;0;0
8546,664045;5;0;0;0
8546,764045;7;0;0;0
8546,864045;5;0;0;0
8546,964045;5;0;0;0
8547,064045;3;0;0;0
8547,164045;6;0;0;0
8547,264045;1;0;0;0
8547,364045;3;0;0;0
8547,464045;2;0;0;0
8547,564045;4;0;0;0
8547,664045;7;0;0;0
8547,764045;4;0;0;0
8547,864045;7;0;0;0
8547,964045;4;0;0;0
8548,064045;6;0;0;0
8548,164045;7;0;0;0
8548,264045;5;0;0;0
8548,364045;3;0;0;0
8548,464045;3;0;0;0
8548,664045;6;0;0;0
8548,764045;5;0;0;0
8548,864045;5;0;0;0
8548,964045;2;0;0;0
8549,064045;5;0;0;0
8549,164045;6;0;0;0
8549,264045;4;0;0;0
8549,364045;3;0;0;0
8549,464045;6;0;0;0
8549,564045;3;0;0;0
8549,664045;6;0;0;0
8549,764045;1;0;0;0
8549,864045;8;0;0;0
8549,964045;3;0;0;0
8550,064045;3;0;0;0
8550,164045;3;0;0;0
8550,264045;6;0;0;0
8550,364045;5;0;0;0
8550,464045;4;0;0;0
8550,564045;1;0;0;0
8550,664045;2;0;0;0
8550,764045;5;0;0;0
8550,864045;5;0;0;0
8550,964045;1;0;0;0
8551,064045;2;0;0;0
8551,164045;2;0;0;0
8551,264045;7;0;0;0
8551,364045;4;0;0;0
8551,464045;4;0;0;0
8551,564045;4;0;0;0
8551,664045;4;0;0;0
8551,764045;6;0;0;0
8551,864045;3;0;0;0
8551,964045;2;0;0;0
8552,064045;2;0;0;0
8552,164045;1;0;0;0
8552,264045;2;0;0;0
8552,364045;3;0;0;0
8552,464045;4;0;0;0
8552,564045;4;0;0;0
8552,664045;2;0;0;0
8552,764045;3;0;0;0
8552,864045;3;0;0;0
8552,964045;1;0;0;0
8553,164045;3;0;0;0
8553,264045;3;0;0;0
8553,364045;2;0;0;0
8553,464045;3;0;0;0
8553,564045;1;0;0;0
8553,664045;1;0;0;0
8553,764045;7;0;0;0
8553,864045;1;0;0;0
8553,964045;1;0;0;0
8554,064045;2;0;0;0
8554,264045;2;0;0;0
8554,364045;1;0;0;0
8554,464045;1;0;0;0
8554,564045;3;0;0;0
8554,664045;1;0;0;0
8554,764045;1;0;0;0
8554,864045;3;0;0;0
8554,964045;3;0;0;0
8555,064045;4;0;0;0
8555,164045;4;0;0;0
8555,264045;3;0;0;0
8555,364045;1;0;0;0
8555,464045;1;0;0;0
8555,564045;1;0;0;0
8555,664045;4;0;0;0
8555,764045;2;0;0;0
8555,864045;5;0;0;0
8555,964045;1;0;0;0
8556,064045;1;0;0;0
8556,164045;5;0;0;0
8556,264045;2;0;0;0
8556,364045;4;0;0;0
8556,464045;2;0;0;0
8556,564045;3;0;0;0
8556,764045;3;0;0;0
8556,864045;4;0;0;0
8556,964045;2;0;0;0
8557,064045;1;0;0;0
8557,164045;1;0;0;0
8557,464045;1;0;0;0
8557,564045;4;0;0;0
8557,764045;1;0;0;0
8557,864045;1;0;0;0
8557,964045;3;0;0;0
8558,064045;2;0;0;0
8558,264045;1;0;0;0
8558,364045;1;0;0;0
8558,464045;2;0;0;0
8558,664045;1;0;0;0
8558,764045;1;0;0;0
8558,964045;1;0;0;0
8559,064045;1;0;0;0
8559,164045;1;0;0;0
8559,564045;1;0;0;0
8559,664045;1;0;0;0
8559,864045;3;0;0;0
8559,964045;1;0;0;0
8560,364045;1;0;0;0
8560,664045;1;0;0;0
8560,864045;1;0;0;0
8561,064045;1;0;0;0
8561,464045;1;0;0;0
8561,664045;1;0;0;0
8561,964045;1;0;0;0
8562,064045;1;0;0;0
8562,164045;2;0;0;0
8562,264045;1;0;0;0
8562,764045;1;0;0;0
8562,964045;1;0;0;0
8563,164045;1;0;0;0
8563,464045;1;0;0;0
8563,564045;1;0;0;0
8563,964045;1;0;0;0
8564,664045;1;0;0;0
8565,064045;1;0;0;0
8565,964045;1;0;0;0
8566,064045;1;0;0;0
8566,964045;1;0;0;0
8568,364045;1;0;0;0
8568,564045;1;0;0;0
8569,064045;1;0;0;0
8569,164045;1;0;0;0
8569,364045;1;0;0;0
8570,464045;1;0;0;0
8650,323596;1;0;0;0
8650,923596;1;0;0;0
8651,523596;1;0;0;0
8652,223596;1;0;0;0
8652,323596;1;0;0;0
8653,023596;1;0;0;0
8653,323596;1;0;0;0
8653,423596;2;0;0;0
8653,623596;1;0;0;0
8653,723596;1;0;0;0
8653,823596;1;0;0;0
8654,023596;2;0;0;0
8654,123596;3;0;0;0
8654,223596;1;0;0;0
8654,423596;3;0;0;0
8654,523596;1;0;0;0
8654,623596;1;0;0;0
8654,723596;1;0;0;0
8654,823596;6;0;0;0
8654,923596;2;0;0;0
8655,023596;1;0;0;0
8655,123596;1;0;0;0
8655,223596;1;0;0;0
8655,323596;3;0;0;0
8655,523596;2;0;0;0
8655,623596;4;0;0;0
8655,723596;1;0;0;0
8655,823596;5;0;0;0
8655,923596;2;0;0;0
8656,023596;2;0;0;0
8656,123596;3;0;0;0
8656,223596;2;0;0;0
8656,323596;6;0;0;0
8656,423596;2;0;0;0
8656,523596;4;0;0;0
8656,623596;2;0;0;0
8656,723596;4;0;0;0
8656,823596;4;0;0;0
8656,923596;3;0;0;0
8657,023596;7;0;0;0
8657,123596;3;0;0;0
8657,223596;3;0;0;0
8657,323596;2;0;0;0
8657,423596;6;0;0;0
8657,523596;2;0;0;0
8657,623596;7;0;0;0
8657,723596;4;0;0;0
8657,823596;5;0;0;0
8657,923596;2;0;0;0
8658,123596;4;0;0;0
8658,223596;12;0;0;0
8658,323596;9;0;0;0
8658,423596;5;0;0;0
8658,523596;5;0;0;0
8658,623596;2;0;0;0
8658,723596;8;0;0;0
8658,823596;5;0;0;0
8658,923596;2;0;0;0
8659,023596;6;0;0;0
8659,123596;4;0;0;0
8659,223596;5;0;0;0
8659,323596;3;0;0;0
8659,423596;13;0;0;0
8659,523596;3;0;0;0
8659,623596;5;0;0;0
8659,723596;9;0;0;0
8659,823596;7;0;0;0
8659,923596;5;0;0;0
8660,023596;3;0;0;0
8660,123596;7;0;0;0
8660,223596;7;0;0;0
8660,323596;7;0;0;0
8660,423596;7;0;0;0
8660,523596;5;0;0;0
8660,623596;5;0;0;0
8660,723596;1;0;0;0
8660,823596;6;0;0;0
8660,923596;3;0;0;0
8661,023596;1;0;0;0
8661,123596;6;0;0;0
8661,223596;10;0;0;0
8661,323596;8;0;0;0
8661,423596;7;0;0;0
8661,523596;2;0;0;0
8661,623596;6;0;0;0
8661,723596;6;0;0;0
8661,823596;5;0;0;0
8661,923596;4;0;0;0
8662,023596;7;0;0;0
8662,123596;8;0;0;0
8662,223596;7;0;0;0
8662,323596;3;0;0;0
8662,423596;7;0;0;0
8662,523596;2;0;0;0
8662,623596;3;0;0;0
8662,723596;5;0;0;0
8662,823596;5;0;0;0
8662,923596;5;0;0;0
8663,023596;7;0;0;0
8663,123596;5;0;0;0
8663,223596;2;0;0;0
8663,323596;4;0;0;0
8663,423596;3;0;0;0
8663,523596;7;0;0;0
8663,623596;7;0;0;0
8663,723596;6;0;0;0
8663,823596;2;0;0;0
8663,923596;3;0;0;0
8664,023596;8;0;0;0
8664,123596;3;0;0;0
8664,223596;3;0;0;0
8664,323596;8;0;0;0
8664,423596;5;0;0;0
8664,523596;5;0;0;0
8664,623596;5;0;0;0
8664,723596;4;0;0;0
8664,823596;9;0;0;0
8664,923596;3;0;0;0
8665,023596;3;0;0;0
8665,123596;5;0;0;0
8665,223596;1;0;0;0
8665,323596;11;0;0;0
8665,423596;5;0;0;0
8665,523596;3;0;0;0
8665,623596;1;0;0;0
8665,723596;7;0;0;0
8665,823596;2;0;0;0
8665,923596;6;0;0;0
8666,023596;5;0;0;0
8666,123596;2;0;0;0
8666,223596;3;0;0;0
8666,323596;3;0;0;0
8666,423596;4;0;0;0
8666,523596;3;0;0;0
8666,623596;2;0;0;0
8666,723596;4;0;0;0
8666,823596;3;0;0;0
8667,023596;4;0;0;0
8667,123596;4;0;0;0
8667,223596;3;0;0;0
8667,323596;4;0;0;0
8667,423596;2;0;0;0
8667,523596;1;0;0;0
8667,623596;1;0;0;0
8667,723596;4;0;0;0
8667,823596;4;0;0;0
8667,923596;4;0;0;0
8668,023596;2;0;0;0
8668,123596;1;0;0;0
8668,223596;5;0;0;0
8668,323596;1;0;0;0
8668,423596;1;0;0;0
8668,523596;5;0;0;0
8668,623596;4;0;0;0
8668,723596;1;0;0;0
8668,823596;4;0;0;0
8668,923596;2;0;0;0
8669,023596;5;0;0;0
8669,123596;2;0;0;0
8669,223596;2;0;0;0
8669,323596;5;0;0;0
8669,523596;1;0;0;0
8669,823596;3;0;0;0
8669,923596;4;0;0;0
8670,023596;2;0;0;0
8670,123596;1;0;0;0
8670,223596;2;0;0;0
8670,423596;1;0;0;0
8670,623596;1;0;0;0
8670,723596;1;0;0;0
8670,923596;1;0;0;0
8671,023596;2;0;0;0
8671,223596;1;0;0;0
8671,323596;1;0;0;0
8671,523596;3;0;0;0
8671,723596;1;0;0;0
8671,823596;4;0;0;0
8671,923596;2;0;0;0
8672,023596;1;0;0;0
8672,123596;1;0;0;0
8672,223596;1;0;0;0
8672,423596;3;0;0;0
8672,623596;2;0;0;0
8672,723596;1;0;0;0
8673,023596;1;0;0;0
8673,123596;1;0;0;0
8673,323596;1;0;0;0
8673,423596;2;0;0;0
8673,523596;1;0;0;0
8673,623596;1;0;0;0
8673,723596;3;0;0;0
8673,823596;5;0;0;0
8673,923596;1;0;0;0
8674,123596;1;0;0;0
8674,623596;1;0;0;0
8674,823596;1;0;0;0
8675,423596;1;0;0;0
8675,523596;1;0;0;0
8675,623596;1;0;0;0
8676,123596;2;0;0;0
8676,423596;1;0;0;0
8676,623596;1;0;0;0
8676,923596;2;0;0;0
8677,323596;1;0;0;0
8677,423596;1;0;0;0
8677,923596;1;0;0;0
8678,023596;1;0;0;0
8678,723596;1;0;0;0
8678,923596;1;0;0;0
8679,323596;1;0;0;0
8679,423596;1;0;0;0
8680,023596;1;0;0;0
8680,423596;1;0;0;0
8680,723596;1;0;0;0
8680,823596;1;0;0;0
8681,423596;1;0;0;0
8682,823596;1;0;0;0
8683,023596;1;0;0;0
8683,723596;1;0;0;0
8685,123596;1;0;0;0
8685,523596;1;0;0;0
8687,823596;1;0;0;0
8688,023596;1;0;0;0
8689,323596;1;0;0;0
8763,383146;1;0;0;0
8764,883146;2;0;0;0
8764,983146;1;0;0;0
8765,283146;3;0;0;0
8765,383146;1;0;0;0
8765,783146;1;0;0;0
8765,883146;1;0;0;0
8766,083146;1;0;0;0
8766,283146;1;0;0;0
8766,383146;1;0;0;0
8766,583146;1;0;0;0
8766,783146;4;0;0;0
8766,983146;1;0;0;0
8767,083146;2;0;0;0
8767,183146;2;0;0;0
8767,283146;3;0;0;0
8767,383146;3;0;0;0
8767,483146;2;0;0;0
8767,583146;1;0;0;0
8767,683146;2;0;0;0
8767,783146;1;0;0;0
8767,883146;3;0;0;0
8767,983146;2;0;0;0
8768,083146;5;0;0;0
8768,183146;1;0;0;0
8768,283146;1;0;0;0
8768,383146;3;0;0;0
8768,483146;3;0;0;0
8768,583146;5;0;0;0
8768,683146;4;0;0;0
8768,783146;3;0;0;0
8768,883146;1;0;0;0
8768,983146;6;0;0;0
8769,083146;4;0;0;0
8769,183146;5;0;0;0
8769,283146;10;0;0;0
8769,383146;8;0;0;0
8769,483146;4;0;0;0
8769,683146;5;0;0;0
8769,783146;3;0;0;0
8769,883146;4;0;0;0
8769,983146;2;0;0;0
8770,083146;4;0;0;0
8770,183146;5;0;0;0
8770,283146;4;0;0;0
8770,383146;5;0;0;0
8770,483146;2;0;0;0
8770,583146;5;0;0;0
8770,683146;5;0;0;0
8770,783146;5;0;0;0
8770,883146;4;0;0;0
8770,983146;5;0;0;0
8771,083146;3;0;0;0
8771,183146;5;0;0;0
8771,283146;5;0;0;0
8771,383146;6;0;0;0
8771,483146;7;0;0;0
8771,583146;5;0;0;0
8771,683146;10;0;0;0
8771,783146;7;0;0;0
8771,883146;5;0;0;0
8771,983146;9;0;0;0
8772,083146;5;0;0;0
8772,183146;10;0;0;0
8772,283146;10;0;0;0
8772,383146;6;0;0;0
8772,483146;7;0;0;0
8772,583146;6;0;0;0
8772,683146;6;0;0;0
8772,783146;12;0;0;0
8772,883146;8;0;0;0
8772,983146;3;0;0;0
8773,083146;4;0;0;0
8773,183146;7;0;0;0
8773,283146;7;0;0;0
8773,383146;1;0;0;0
8773,483146;7;0;0;0
8773,583146;6;0;0;0
8773,683146;6;0;0;0
8773,783146;8;0;0;0
8773,883146;5;0;0;0
8773,983146;12;0;0;0
8774,083146;7;0;0;0
8774,183146;7;0;0;0
8774,283146;5;0;0;0
8774,383146;7;0;0;0
8774,483146;4;0;0;0
8774,583146;5;0;0;0
8774,683146;7;0;0;0
8774,783146;6;0;0;0
8774,883146;7;0;0;0
8774,983146;3;0;0;0
8775,083146;4;0;0;0
8775,183146;8;0;0;0
8775,283146;5;0;0;0
8775,383146;6;0;0;0
8775,483146;2;0;0;0
8775,583146;7;0;0;0
8775,683146;6;0;0;0
8775,783146;5;0;0;0
8775,883146;4;0;0;0
8775,983146;3;0;0;0
8776,083146;3;0;0;0
8776,183146;10;0;0;0
8776,283146;4;0;0;0
8776,383146;7;0;0;0
8776,483146;2;0;0;0
8776,583146;3;0;0;0
8776,683146;5;0;0;0
8776,783146;6;0;0;0
8776,883146;7;0;0;0
8776,983146;11;0;0;0
8777,083146;4;0;0;0
8777,183146;4;0;0;0
8777,283146;8;0;0;0
8777,383146;6;0;0;0
8777,483146;4;0;0;0
8777,583146;1;0;0;0
8777,683146;3;0;0;0
8777,783146;5;0;0;0
8777,883146;2;0;0;0
8777,983146;5;0;0;0
8778,083146;3;0;0;0
8778,183146;5;0;0;0
8778,283146;2;0;0;0
8778,383146;2;0;0;0
8778,483146;2;0;0;0
8778,583146;5;0;0;0
8778,683146;1;0;0;0
8778,783146;5;0;0;0
8778,883146;4;0;0;0
8778,983146;2;0;0;0
8779,083146;5;0;0;0
8779,183146;2;0;0;0
8779,383146;8;0;0;0
8779,483146;2;0;0;0
8779,583146;3;0;0;0
8779,683146;4;0;0;0
8779,783146;4;0;0;0
8779,883146;2;0;0;0
8780,083146;2;0;0;0
8780,183146;5;0;0;0
8780,283146;4;0;0;0
8780,383146;3;0;0;0
8780,583146;5;0;0;0
8780,683146;9;0;0;0
8780,783146;1;0;0;0
8780,883146;4;0;0;0
8780,983146;2;0;0;0
8781,083146;2;0;0;0
8781,183146;2;0;0;0
8781,283146;4;0;0;0
8781,383146;2;0;0;0
8781,583146;1;0;0;0
8781,683146;5;0;0;0
8781,783146;1;0;0;0
8781,883146;2;0;0;0
8781,983146;3;0;0;0
8782,083146;2;0;0;0
8782,183146;2;0;0;0
8782,283146;2;0;0;0
8782,383146;1;0;0;0
8782,483146;3;0;0;0
8782,683146;4;0;0;0
8782,783146;2;0;0;0
8782,883146;3;0;0;0
8782,983146;4;0;0;0
8783,083146;2;0;0;0
8783,183146;2;0;0;0
8783,283146;1;0;0;0
8783,383146;2;0;0;0
8783,483146;1;0;0;0
8783,583146;2;0;0;0
8783,683146;1;0;0;0
8783,783146;3;0;0;0
8783,883146;3;0;0;0
8783,983146;3;0;0;0
8784,083146;2;0;0;0
8784,183146;1;0;0;0
8784,383146;3;0;0;0
8784,583146;2;0;0;0
8784,683146;2;0;0;0
8784,783146;1;0;0;0
8784,883146;1;0;0;0
8785,083146;1;0;0;0
8785,183146;1;0;0;0
8785,383146;2;0;0;0
8785,483146;4;0;0;0
8785,683146;3;0;0;0
8785,783146;2;0;0;0
8785,883146;1;0;0;0
8786,083146;2;0;0;0
8786,183146;1;0;0;0
8786,283146;1;0;0;0
8786,483146;4;0;0;0
8786,583146;2;0;0;0
8786,683146;1;0;0;0
8786,883146;2;0;0;0
8786,983146;1;0;0;0
8787,183146;1;0;0;0
8787,283146;1;0;0;0
8787,383146;1;0;0;0
8787,483146;2;0;0;0
8787,583146;1;0;0;0
8787,683146;1;0;0;0
8787,783146;1;0;0;0
8788,183146;1;0;0;0
8788,383146;4;0;0;0
8788,483146;1;0;0;0
8788,683146;1;0;0;0
8788,783146;1;0;0;0
8789,083146;1;0;0;0
8789,183146;2;0;0;0
8789,283146;2;0;0;0
8789,383146;1;0;0;0
8789,583146;1;0;0;0
8789,883146;3;0;0;0
8790,183146;1;0;0;0
8790,483146;1;0;0;0
8790,683146;1;0;0;0
8790,783146;2;0;0;0
8790,883146;1;0;0;0
8790,983146;1;0;0;0
8791,083146;1;0;0;0
8791,183146;1;0;0;0
8791,683146;1;0;0;0
8792,083146;1;0;0;0
8792,583146;1;0;0;0
8792,683146;3;0;0;0
8792,883146;2;0;0;0
8793,283146;1;0;0;0
8793,483146;1;0;0;0
8793,583146;1;0;0;0
8794,583146;1;0;0;0
8795,283146;1;0;0;0
8796,783146;1;0;0;0
8797,983146;1;0;0;0
8799,583146;1;0;0;0
8801,483146;1;0;0;0
8801,583146;1;0;0;0
8804,983146;1;0;0;0
8875,342697;1;0;0;0
8875,442697;1;0;0;0
8875,942697;1;0;0;0
8876,742697;1;0;0;0
8877,042697;1;0;0;0
8877,142697;2;0;0;0
8877,542697;1;0;0;0
8877,642697;2;0;0;0
8877,842697;1;0;0;0
8877,942697;1;0;0;0
8878,042697;1;0;0;0
8878,242697;2;0;0;0
8878,342697;4;0;0;0
8878,442697;2;0;0;0
8878,542697;4;0;0;0
8878,742697;3;0;0;0
8878,842697;2;0;0;0
8879,142697;1;0;0;0
8879,242697;2;0;0;0
8879,342697;5;0;0;0
8879,442697;3;0;0;0
8879,542697;1;0;0;0
8879,642697;2;0;0;0
8879,742697;3;0;0;0
8879,842697;4;0;0;0
8879,942697;2;0;0;0
8880,042697;2;0;0;0
8880,142697;1;0;0;0
8880,242697;1;0;0;0
8880,342697;3;0;0;0
8880,442697;1;0;0;0
8880,542697;1;0;0;0
8880,642697;4;0;0;0
8880,742697;4;0;0;0
8880,842697;3;0;0;0
8880,942697;1;0;0;0
8881,042697;3;0;0;0
8881,142697;1;0;0;0
8881,242697;3;0;0;0
8881,342697;1;0;0;0
8881,442697;4;0;0;0
8881,542697;4;0;0;0
8881,642697;3;0;0;0
8881,742697;1;0;0;0
8881,842697;2;0;0;0
8881,942697;3;0;0;0
8882,042697;3;0;0;0
8882,142697;3;0;0;0
8882,242697;5;0;0;0
8882,342697;4;0;0;0
8882,442697;10;0;0;0
8882,542697;2;0;0;0
8882,642697;3;0;0;0
8882,742697;4;0;0;0
8882,842697;4;0;0;0
8882,942697;6;0;0;0
8883,042697;4;0;0;0
8883,142697;3;0;0;0
8883,242697;7;0;0;0
8883,342697;3;0;0;0
8883,442697;6;0;0;0
8883,542697;7;0;0;0
8883,642697;1;0;0;0
8883,742697;5;0;0;0
8883,842697;8;0;0;0
8883,942697;3;0;0;0
8884,042697;4;0;0;0
8884,142697;7;0;0;0
8884,242697;5;0;0;0
8884,342697;6;0;0;0
8884,442697;6;0;0;0
8884,542697;3;0;0;0
8884,642697;5;0;0;0
8884,742697;13;0;0;0
8884,842697;4;0;0;0
8884,942697;5;0;0;0
8885,042697;4;0;0;0
8885,142697;7;0;0;0
8885,242697;10;0;0;0
8885,342697;6;0;0;0
8885,442697;9;0;0;0
8885,542697;5;0;0;0
8885,642697;7;0;0;0
8885,742697;3;0;0;0
8885,842697;7;0;0;0
8885,942697;11;0;0;0
8886,042697;6;0;0;0
8886,142697;7;0;0;0
8886,242697;4;0;0;0
8886,342697;11;0;0;0
8886,442697;10;0;0;0
8886,542697;9;0;0;0
8886,642697;6;0;0;0
8886,742697;7;0;0;0
8886,842697;7;0;0;0
8886,942697;9;0;0;0
8887,042697;3;0;0;0
8887,142697;12;0;0;0
8887,242697;7;0;0;0
8887,342697;7;0;0;0
8887,442697;5;0;0;0
8887,542697;9;0;0;0
8887,642697;7;0;0;0
8887,742697;11;0;0;0
8887,842697;8;0;0;0
8887,942697;3;0;0;0
8888,042697;5;0;0;0
8888,142697;7;0;0;0
8888,242697;11;0;0;0
8888,342697;7;0;0;0
8888,442697;7;0;0;0
8888,542697;9;0;0;0
8888,642697;10;0;0;0
8888,742697;5;0;0;0
8888,842697;7;0;0;0
8888,942697;5;0;0;0
8889,042697;8;0;0;0
8889,142697;8;0;0;0
8889,242697;3;0;0;0
8889,342697;7;0;0;0
8889,442697;10;0;0;0
8889,542697;4;0;0;0
8889,642697;6;0;0;0
8889,742697;5;0;0;0
8889,842697;6;0;0;0
8889,942697;6;0;0;0
8890,042697;9;0;0;0
8890,142697;6;0;0;0
8890,242697;9;0;0;0
8890,342697;9;0;0;0
8890,442697;7;0;0;0
8890,542697;2;0;0;0
8890,642697;9;0;0;0
8890,742697;4;0;0;0
8890,842697;7;0;0;0
8890,942697;6;0;0;0
8891,042697;7;0;0;0
8891,142697;4;0;0;0
8891,242697;8;0;0;0
8891,342697;4;0;0;0
8891,442697;7;0;0;0
8891,542697;7;0;0;0
8891,642697;7;0;0;0
8891,742697;1;0;0;0
8891,842697;3;0;0;0
8891,942697;6;0;0;0
8892,042697;4;0;0;0
8892,142697;5;0;0;0
8892,242697;7;0;0;0
8892,342697;3;0;0;0
8892,442697;3;0;0;0
8892,542697;2;0;0;0
8892,642697;3;0;0;0
8892,842697;3;0;0;0
8892,942697;4;0;0;0
8893,042697;5;0;0;0
8893,142697;1;0;0;0
8893,242697;6;0;0;0
8893,342697;3;0;0;0
8893,442697;5;0;0;0
8893,542697;6;0;0;0
8893,642697;5;0;0;0
8893,742697;4;0;0;0
8893,842697;4;0;0;0
8893,942697;4;0;0;0
8894,042697;2;0;0;0
8894,142697;4;0;0;0
8894,242697;3;0;0;0
8894,342697;1;0;0;0
8894,442697;2;0;0;0
8894,542697;1;0;0;0
8894,642697;6;0;0;0
8894,842697;3;0;0;0
8894,942697;2;0;0;0
8895,042697;2;0;0;0
8895,142697;2;0;0;0
8895,242697;4;0;0;0
8895,342697;2;0;0;0
8895,442697;4;0;0;0
8895,542697;3;0;0;0
8895,642697;3;0;0;0
8895,742697;4;0;0;0
8895,842697;2;0;0;0
8895,942697;2;0;0;0
8896,042697;4;0;0;0
8896,142697;2;0;0;0
8896,242697;3;0;0;0
8896,342697;2;0;0;0
8896,442697;3;0;0;0
8896,542697;2;0;0;0
8896,642697;2;0;0;0
8896,742697;4;0;0;0
8896,842697;3;0;0;0
8896,942697;3;0;0;0
8897,042697;2;0;0;0
8897,142697;1;0;0;0
8897,242697;1;0;0;0
8897,342697;2;0;0;0
8897,442697;1;0;0;0
8897,642697;1;0;0;0
8897,742697;4;0;0;0
8897,942697;1;0;0;0
8898,042697;1;0;0;0
8898,142697;2;0;0;0
8898,242697;1;0;0;0
8898,342697;2;0;0;0
8898,442697;1;0;0;0
8898,542697;1;0;0;0
8898,642697;1;0;0;0
8898,842697;3;0;0;0
8898,942697;2;0;0;0
8899,342697;4;0;0;0
8899,442697;1;0;0;0
8899,842697;1;0;0;0
8899,942697;1;0;0;0
8900,042697;1;0;0;0
8900,142697;2;0;0;0
8900,242697;3;0;0;0
8900,342697;2;0;0;0
8900,442697;3;0;0;0
8900,642697;1;0;0;0
8900,842697;1;0;0;0
8900,942697;1;0;0;0
8901,042697;2;0;0;0
8901,242697;2;0;0;0
8901,642697;2;0;0;0
8901,842697;2;0;0;0
8902,042697;1;0;0;0
8902,342697;1;0;0;0
8902,642697;1;0;0;0
8902,742697;1;0;0;0
8902,842697;1;0;0;0
8902,942697;1;0;0;0
8903,142697;1;0;0;0
8903,242697;2;0;0;0
8903,342697;1;0;0;0
8903,742697;1;0;0;0
8903,842697;1;0;0;0
8904,042697;1;0;0;0
8904,242697;1;0;0;0
8904,442697;1;0;0;0
8904,542697;1;0;0;0
8905,342697;1;0;0;0
8905,542697;1;0;0;0
8906,442697;1;0;0;0
8907,242697;1;0;0;0
8907,942697;1;0;0;0
8908,042697;1;0;0;0
8908,142697;1;0;0;0
8909,242697;1;0;0;0
8909,442697;1;0;0;0
8909,942697;1;0;0;0
8911,242697;1;0;0;0
8911,442697;2;0;0;0
8911,542697;1;0;0;0
8913,842697;1;0;0;0
8919,342697;1;0;0;0
8920,642697;1;0;0;0
8988,502247;1;0;0;0
8988,902247;3;0;0;0
8989,802247;3;0;0;0
8990,002247;1;0;0;0
8990,202247;2;0;0;0
8990,502247;2;0;0;0
8990,602247;2;0;0;0
8990,702247;3;0;0;0
8990,802247;1;0;0;0
8990,902247;2;0;0;0
8991,002247;2;0;0;0
8991,102247;2;0;0;0
8991,202247;1;0;0;0
8991,302247;2;0;0;0
8991,402247;3;0;0;0
8991,502247;3;0;0;0
8991,602247;3;0;0;0
8991,802247;3;0;0;0
8991,902247;4;0;0;0
8992,002247;1;0;0;0
8992,102247;2;0;0;0
8992,202247;1;0;0;0
8992,402247;4;0;0;0
8992,502247;4;0;0;0
8992,602247;1;0;0;0
8992,702247;1;0;0;0
8992,902247;1;0;0;0
8993,002247;2;0;0;0
8993,102247;2;0;0;0
8993,202247;5;0;0;0
8993,302247;3;0;0;0
8993,402247;2;0;0;0
8993,502247;4;0;0;0
8993,602247;6;0;0;0
8993,702247;3;0;0;0
8993,802247;2;0;0;0
8993,902247;3;0;0;0
8994,002247;3;0;0;0
8994,102247;4;0;0;0
8994,202247;7;0;0;0
8994,302247;5;0;0;0
8994,402247;3;0;0;0
8994,502247;5;0;0;0
8994,602247;5;0;0;0
8994,702247;6;0;0;0
8994,802247;6;0;0;0
8994,902247;4;0;0;0
8995,002247;6;0;0;0
8995,102247;4;0;0;0
8995,202247;8;0;0;0
8995,302247;3;0;0;0
8995,402247;6;0;0;0
8995,502247;2;0;0;0
8995,602247;2;0;0;0
8995,702247;5;0;0;0
8995,802247;1;0;0;0
8995,902247;9;0;0;0
8996,002247;12;0;0;0
8996,102247;4;0;0;0
8996,202247;5;0;0;0
8996,302247;8;0;0;0
8996,402247;6;0;0;0
8996,502247;4;0;0;0
8996,602247;10;0;0;0
8996,702247;13;0;0;0
8996,802247;2;0;0;0
8996,902247;5;0;0;0
8997,002247;4;0;0;0
8997,102247;8;0;0;0
8997,202247;16;0;0;0
8997,302247;5;0;0;0
8997,402247;8;0;0;0
8997,502247;10;0;0;0
8997,602247;4;0;0;0
8997,702247;13;0;0;0
8997,802247;10;0;0;0
8997,902247;8;0;0;0
8998,002247;12;0;0;0
8998,102247;6;0;0;0
8998,202247;8;0;0;0
8998,302247;5;0;0;0
8998,402247;8;0;0;0
8998,502247;11;0;0;0
8998,602247;3;0;0;0
8998,702247;10;0;0;0
8998,802247;9;0;0;0
8998,902247;5;0;0;0
8999,002247;9;0;0;0
8999,102247;12;0;0;0
8999,202247;5;0;0;0
8999,302247;9;0;0;0
8999,402247;4;0;0;0
8999,502247;12;0;0;0
8999,602247;6;0;0;0
8999,702247;11;0;0;0
8999,802247;9;0;0;0
8999,902247;4;0;0;0
9000,002247;11;0;0;0
9000,102247;7;0;0;0
9000,202247;2;0;0;0
9000,402247;10;0;0;0
9000,502247;10;0;0;0
9000,602247;15;0;0;0
9000,702247;9;0;0;0
9000,802247;8;0;0;0
9000,902247;7;0;0;0
9001,002247;5;0;0;0
9001,102247;5;0;0;0
9001,202247;6;0;0;0
9001,302247;12;0;0;0
9001,402247;5;0;0;0
9001,502247;5;0;0;0
9001,602247;11;0;0;0
9001,702247;11;0;0;0
9001,802247;9;0;0;0
9001,902247;5;0;0;0
9002,002247;9;0;0;0
9002,102247;8;0;0;0
9002,202247;12;0;0;0
9002,302247;6;0;0;0
9002,402247;2;0;0;0
9002,502247;7;0;0;0
9002,602247;8;0;0;0
9002,702247;14;0;0;0
9002,802247;8;0;0;0
9002,902247;5;0;0;0
9003,002247;9;0;0;0
9003,102247;5;0;0;0
9003,202247;5;0;0;0
9003,302247;7;0;0;0
9003,402247;8;0;0;0
9003,502247;4;0;0;0
9003,602247;5;0;0;0
9003,702247;7;0;0;0
9003,802247;9;0;0;0
9003,902247;7;0;0;0
9004,002247;7;0;0;0
9004,102247;6;0;0;0
9004,202247;6;0;0;0
9004,302247;10;0;0;0
9004,402247;5;0;0;0
9004,502247;6;0;0;0
9004,602247;5;0;0;0
9004,702247;3;0;0;0
9004,802247;3;0;0;0
9004,902247;9;0;0;0
9005,002247;6;0;0;0
9005,102247;6;0;0;0
9005,202247;15;0;0;0
9005,302247;3;0;0;0
9005,402247;4;0;0;0
9005,502247;3;0;0;0
9005,602247;1;0;0;0
9005,702247;1;0;0;0
9005,802247;8;0;0;0
9005,902247;5;0;0;0
9006,002247;4;0;0;0
9006,102247;6;0;0;0
9006,202247;4;0;0;0
9006,302247;8;0;0;0
9006,402247;8;0;0;0
9006,502247;3;0;0;0
9006,602247;1;0;0;0
9006,702247;4;0;0;0
9006,802247;2;0;0;0
9006,902247;4;0;0;0
9007,002247;5;0;0;0
9007,102247;3;0;0;0
9007,202247;6;0;0;0
9007,302247;8;0;0;0
9007,402247;6;0;0;0
9007,502247;5;0;0;0
9007,602247;2;0;0;0
9007,702247;1;0;0;0
9007,802247;5;0;0;0
9007,902247;2;0;0;0
9008,002247;3;0;0;0
9008,202247;4;0;0;0
9008,302247;4;0;0;0
9008,402247;4;0;0;0
9008,502247;6;0;0;0
9008,602247;2;0;0;0
9008,702247;3;0;0;0
9008,802247;5;0;0;0
9008,902247;3;0;0;0
9009,002247;1;0;0;0
9009,102247;3;0;0;0
9009,202247;4;0;0;0
9009,302247;2;0;0;0
9009,402247;3;0;0;0
9009,602247;1;0;0;0
9009,702247;2;0;0;0
9009,802247;1;0;0;0
9009,902247;1;0;0;0
9010,002247;3;0;0;0
9010,102247;2;0;0;0
9010,202247;2;0;0;0
9010,302247;3;0;0;0
9010,402247;3;0;0;0
9010,502247;2;0;0;0
9010,602247;1;0;0;0
9010,702247;3;0;0;0
9010,802247;2;0;0;0
9010,902247;4;0;0;0
9011,102247;2;0;0;0
9011,202247;4;0;0;0
9011,402247;4;0;0;0
9011,602247;2;0;0;0
9011,702247;2;0;0;0
9011,902247;1;0;0;0
9012,302247;1;0;0;0
9012,402247;1;0;0;0
9012,502247;3;0;0;0
9012,602247;2;0;0;0
9012,702247;3;0;0;0
9012,802247;2;0;0;0
9012,902247;1;0;0;0
9013,002247;1;0;0;0
9013,102247;1;0;0;0
9013,302247;1;0;0;0
9013,602247;2;0;0;0
9014,202247;2;0;0;0
9014,302247;1;0;0;0
9014,402247;1;0;0;0
9014,602247;2;0;0;0
9014,902247;2;0;0;0
9015,002247;1;0;0;0
9015,102247;3;0;0;0
9015,202247;1;0;0;0
9015,302247;2;0;0;0
9015,702247;1;0;0;0
9015,802247;1;0;0;0
9016,002247;1;0;0;0
9016,102247;1;0;0;0
9016,202247;1;0;0;0
9016,302247;2;0;0;0
9016,502247;2;0;0;0
9016,902247;1;0;0;0
9017,002247;1;0;0;0
9017,502247;3;0;0;0
9017,602247;2;0;0;0
9017,702247;2;0;0;0
9018,202247;1;0;0;0
9018,902247;1;0;0;0
9019,102247;1;0;0;0
9019,302247;2;0;0;0
9019,502247;1;0;0;0
9020,102247;3;0;0;0
9020,402247;2;0;0;0
9020,702247;2;0;0;0
9020,902247;2;0;0;0
9021,102247;1;0;0;0
9022,002247;1;0;0;0
9022,302247;1;0;0;0
9022,802247;1;0;0;0
9022,902247;1;0;0;0
9023,802247;1;0;0;0
9024,502247;1;0;0;0
9024,802247;1;0;0;0
9028,002247;1;0;0;0
9028,602247;1;0;0;0
9030,202247;1;0;0;0
9035,902247;1;0;0;0
9099,961798;1;0;0;0
9100,961798;1;0;0;0
9101,461798;1;0;0;0
9101,961798;1;0;0;0
9102,461798;1;0;0;0
9102,961798;1;0;0;0
9103,161798;1;0;0;0
9103,561798;2;0;0;0
9103,761798;1;0;0;0
9103,861798;2;0;0;0
9103,961798;3;0;0;0
9104,161798;1;0;0;0
9104,361798;1;0;0;0
9104,661798;1;0;0;0
9104,861798;6;0;0;0
9104,961798;3;0;0;0
9105,061798;2;0;0;0
9105,161798;3;0;0;0
9105,261798;2;0;0;0
9105,361798;2;0;0;0
9105,461798;3;0;0;0
9105,561798;1;0;0;0
9105,861798;2;0;0;0
9105,961798;4;0;0;0
9106,061798;6;0;0;0
9106,161798;4;0;0;0
9106,261798;2;0;0;0
9106,361798;3;0;0;0
9106,461798;2;0;0;0
9106,561798;2;0;0;0
9106,661798;5;0;0;0
9106,761798;3;0;0;0
9106,861798;3;0;0;0
9106,961798;6;0;0;0
9107,061798;3;0;0;0
9107,161798;1;0;0;0
9107,261798;6;0;0;0
9107,461798;8;0;0;0
9107,561798;8;0;0;0
9107,661798;1;0;0;0
9107,761798;4;0;0;0
9107,861798;8;0;0;0
9107,961798;4;0;0;0
9108,061798;7;0;0;0
9108,161798;4;0;0;0
9108,261798;10;0;0;0
9108,361798;7;0;0;0
9108,461798;2;0;0;0
9108,561798;3;0;0;0
9108,661798;2;0;0;0
9108,761798;13;0;0;0
9108,861798;5;0;0;0
9108,961798;7;0;0;0
9109,061798;3;0;0;0
9109,161798;3;0;0;0
9109,261798;8;0;0;0
9109,361798;4;0;0;0
9109,461798;1;0;0;0
9109,561798;8;0;0;0
9109,661798;9;0;0;0
9109,761798;9;0;0;0
9109,861798;7;0;0;0
9109,961798;8;0;0;0
9110,061798;7;0;0;0
9110,161798;8;0;0;0
9110,261798;7;0;0;0
9110,361798;9;0;0;0
9110,461798;8;0;0;0
9110,561798;9;0;0;0
9110,661798;6;0;0;0
9110,761798;13;0;0;0
9110,861798;6;0;0;0
9110,961798;9;0;0;0
9111,061798;7;0;0;0
9111,161798;6;0;0;0
9111,261798;6;0;0;0
9111,361798;6;0;0;0
9111,461798;5;0;0;0
9111,561798;7;0;0;0
9111,661798;8;0;0;0
9111,761798;14;0;0;0
9111,861798;4;0;0;0
9111,961798;6;0;0;0
9112,061798;6;0;0;0
9112,161798;5;0;0;0
9112,261798;6;0;0;0
9112,361798;4;0;0;0
9112,461798;6;0;0;0
9112,561798;3;0;0;0
9112,661798;10;0;0;0
9112,761798;4;0;0;0
9112,861798;7;0;0;0
9112,961798;6;0;0;0
9113,061798;6;0;0;0
9113,161798;15;0;0;0
9113,261798;8;0;0;0
9113,361798;6;0;0;0
9113,461798;6;0;0;0
9113,561798;5;0;0;0
9113,661798;6;0;0;0
9113,761798;4;0;0;0
9113,861798;5;0;0;0
9113,961798;6;0;0;0
9114,061798;6;0;0;0
9114,161798;10;0;0;0
9114,261798;11;0;0;0
9114,361798;8;0;0;0
9114,461798;5;0;0;0
9114,561798;5;0;0;0
9114,661798;5;0;0;0
9114,761798;9;0;0;0
9114,861798;3;0;0;0
9114,961798;6;0;0;0
9115,061798;9;0;0;0
9115,161798;4;0;0;0
9115,261798;5;0;0;0
9115,361798;3;0;0;0
9115,461798;10;0;0;0
9115,561798;5;0;0;0
9115,661798;8;0;0;0
9115,761798;10;0;0;0
9115,861798;7;0;0;0
9115,961798;4;0;0;0
9116,061798;6;0;0;0
9116,161798;9;0;0;0
9116,261798;4;0;0;0
9116,361798;6;0;0;0
9116,461798;4;0;0;0
9116,561798;6;0;0;0
9116,661798;11;0;0;0
9116,761798;5;0;0;0
9116,861798;5;0;0;0
9116,961798;6;0;0;0
9117,061798;6;0;0;0
9117,161798;8;0;0;0
9117,261798;3;0;0;0
9117,361798;5;0;0;0
9117,461798;7;0;0;0
9117,561798;4;0;0;0
9117,661798;5;0;0;0
9117,761798;6;0;0;0
9117,861798;6;0;0;0
9117,961798;6;0;0;0
9118,061798;7;0;0;0
9118,161798;6;0;0;0
9118,261798;7;0;0;0
9118,361798;6;0;0;0
9118,461798;7;0;0;0
9118,561798;6;0;0;0
9118,661798;2;0;0;0
9118,761798;5;0;0;0
9118,861798;3;0;0;0
9118,961798;6;0;0;0
9119,061798;3;0;0;0
9119,161798;5;0;0;0
9119,261798;8;0;0;0
9119,361798;3;0;0;0
9119,461798;6;0;0;0
9119,561798;3;0;0;0
9119,661798;5;0;0;0
9119,761798;2;0;0;0
9119,861798;2;0;0;0
9119,961798;2;0;0;0
9120,061798;3;0;0;0
9120,161798;6;0;0;0
9120,261798;2;0;0;0
9120,361798;3;0;0;0
9120,561798;2;0;0;0
9120,661798;4;0;0;0
9120,761798;2;0;0;0
9120,861798;1;0;0;0
9120,961798;6;0;0;0
9121,061798;5;0;0;0
9121,161798;5;0;0;0
9121,261798;1;0;0;0
9121,361798;2;0;0;0
9121,461798;4;0;0;0
9121,561798;1;0;0;0
9121,661798;4;0;0;0
9121,761798;2;0;0;0
9121,861798;6;0;0;0
9121,961798;4;0;0;0
9122,061798;3;0;0;0
9122,161798;1;0;0;0
9122,261798;2;0;0;0
9122,361798;3;0;0;0
9122,461798;1;0;0;0
9122,561798;2;0;0;0
9122,661798;3;0;0;0
9122,761798;3;0;0;0
9122,861798;5;0;0;0
9122,961798;4;0;0;0
9123,061798;1;0;0;0
9123,161798;2;0;0;0
9123,261798;4;0;0;0
9123,361798;2;0;0;0
9123,461798;4;0;0;0
9123,561798;5;0;0;0
9123,761798;2;0;0;0
9123,861798;2;0;0;0
9123,961798;2;0;0;0
9124,061798;1;0;0;0
9124,261798;2;0;0;0
9124,361798;2;0;0;0
9124,561798;3;0;0;0
9124,661798;1;0;0;0
9124,761798;2;0;0;0
9124,861798;3;0;0;0
9124,961798;2;0;0;0
9125,061798;3;0;0;0
9125,161798;2;0;0;0
9125,261798;2;0;0;0
9125,361798;2;0;0;0
9125,461798;3;0;0;0
9125,561798;2;0;0;0
9125,661798;1;0;0;0
9125,761798;1;0;0;0
9125,861798;1;0;0;0
9126,161798;1;0;0;0
9126,261798;1;0;0;0
9126,361798;2;0;0;0
9126,461798;1;0;0;0
9126,561798;1;0;0;0
9126,661798;1;0;0;0
9126,761798;1;0;0;0
9126,961798;3;0;0;0
9127,161798;1;0;0;0
9127,261798;3;0;0;0
9127,461798;1;0;0;0
9127,561798;2;0;0;0
9127,761798;1;0;0;0
9127,861798;1;0;0;0
9128,061798;1;0;0;0
9128,361798;2;0;0;0
9128,561798;1;0;0;0
9128,861798;3;0;0;0
9129,261798;1;0;0;0
9129,661798;2;0;0;0
9129,861798;1;0;0;0
9130,161798;1;0;0;0
9130,261798;1;0;0;0
9130,861798;1;0;0;0
9131,161798;1;0;0;0
9131,561798;2;0;0;0
9131,661798;1;0;0;0
9131,861798;2;0;0;0
9131,961798;2;0;0;0
9132,561798;1;0;0;0
9132,961798;1;0;0;0
9133,261798;1;0;0;0
9133,361798;1;0;0;0
9133,461798;1;0;0;0
9133,661798;1;0;0;0
9133,761798;1;0;0;0
9134,361798;1;0;0;0
9135,161798;3;0;0;0
9135,261798;1;0;0;0
9135,461798;1;0;0;0
9138,061798;1;0;0;0
9138,861798;1;0;0;0
9140,261798;1;0;0;0
9141,861798;1;0;0;0
9142,661798;1;0;0;0
9144,461798;1;0;0;0
9144,561798;1;0;0;0
9145,261798;1;0;0;0
9157,161798;1;0;0;0
9213,721348;1;0;0;0
9214,221348;2;0;0;0
9214,921348;1;0;0;0
9215,021348;1;0;0;0
9215,121348;1;0;0;0
9215,521348;2;0;0;0
9215,621348;2;0;0;0
9215,721348;1;0;0;0
9215,821348;2;0;0;0
9215,921348;2;0;0;0
9216,121348;2;0;0;0
9216,321348;2;0;0;0
9216,421348;2;0;0;0
9216,521348;1;0;0;0
9216,621348;3;0;0;0
9216,921348;2;0;0;0
9217,121348;1;0;0;0
9217,221348;3;0;0;0
9217,321348;1;0;0;0
9217,421348;4;0;0;0
9217,721348;2;0;0;0
9217,821348;1;0;0;0
9217,921348;2;0;0;0
9218,021348;2;0;0;0
9218,121348;1;0;0;0
9218,221348;2;0;0;0
9218,321348;2;0;0;0
9218,421348;2;0;0;0
9218,521348;3;0;0;0
9218,621348;2;0;0;0
9218,721348;7;0;0;0
9218,921348;1;0;0;0
9219,021348;1;0;0;0
9219,121348;4;0;0;0
9219,221348;3;0;0;0
9219,321348;3;0;0;0
9219,421348;3;0;0;0
9219,521348;4;0;0;0
9219,621348;2;0;0;0
9219,721348;4;0;0;0
9219,821348;4;0;0;0
9219,921348;3;0;0;0
9220,021348;2;0;0;0
9220,121348;5;0;0;0
9220,221348;2;0;0;0
9220,321348;7;0;0;0
9220,421348;4;0;0;0
9220,521348;3;0;0;0
9220,621348;5;0;0;0
9220,721348;4;0;0;0
9220,821348;4;0;0;0
9221,021348;4;0;0;0
9221,121348;6;0;0;0
9221,321348;2;0;0;0
9221,421348;6;0;0;0
9221,521348;8;0;0;0
9221,621348;4;0;0;0
9221,721348;11;0;0;0
9221,821348;5;0;0;0
9221,921348;7;0;0;0
9222,021348;1;0;0;0
9222,121348;5;0;0;0
9222,221348;3;0;0;0
9222,321348;4;0;0;0
9222,421348;7;0;0;0
9222,521348;3;0;0;0
9222,621348;5;0;0;0
9222,721348;8;0;0;0
9222,821348;5;0;0;0
9222,921348;7;0;0;0
9223,021348;8;0;0;0
9223,121348;7;0;0;0
9223,221348;7;0;0;0
9223,321348;10;0;0;0
9223,421348;8;0;0;0
9223,521348;5;0;0;0
9223,621348;9;0;0;0
9223,721348;8;0;0;0
9223,821348;12;0;0;0
9223,921348;5;0;0;0
9224,021348;9;0;0;0
9224,121348;4;0;0;0
9224,221348;7;0;0;0
9224,321348;2;0;0;0
9224,421348;6;0;0;0
9224,521348;4;0;0;0
9224,621348;8;0;0;0
9224,721348;3;0;0;0
9224,821348;2;0;0;0
9224,921348;3;0;0;0
9225,021348;7;0;0;0
9225,121348;9;0;0;0
9225,221348;8;0;0;0
9225,321348;4;0;0;0
9225,421348;9;0;0;0
9225,521348;10;0;0;0
9225,621348;8;0;0;0
9225,721348;4;0;0;0
9225,821348;14;0;0;0
9225,921348;6;0;0;0
9226,021348;11;0;0;0
9226,121348;16;0;0;0
9226,221348;5;0;0;0
9226,321348;2;0;0;0
9226,421348;8;0;0;0
9226,521348;6;0;0;0
9226,621348;13;0;0;0
9226,721348;6;0;0;0
9226,821348;5;0;0;0
9226,921348;8;0;0;0
9227,021348;4;0;0;0
9227,121348;10;0;0;0
9227,221348;5;0;0;0
9227,321348;6;0;0;0
9227,421348;5;0;0;0
9227,521348;10;0;0;0
9227,621348;8;0;0;0
9227,721348;7;0;0;0
9227,821348;5;0;0;0
9227,921348;1;0;0;0
9228,021348;4;0;0;0
9228,121348;5;0;0;0
9228,221348;3;0;0;0
9228,321348;9;0;0;0
9228,421348;4;0;0;0
9228,521348;4;0;0;0
9228,621348;6;0;0;0
9228,721348;8;0;0;0
9228,821348;6;0;0;0
9228,921348;7;0;0;0
9229,021348;4;0;0;0
9229,121348;9;0;0;0
9229,221348;6;0;0;0
9229,321348;8;0;0;0
9229,421348;6;0;0;0
9229,521348;7;0;0;0
9229,621348;7;0;0;0
9229,721348;9;0;0;0
9229,821348;5;0;0;0
9229,921348;4;0;0;0
9230,021348;6;0;0;0
9230,121348;5;0;0;0
9230,221348;4;0;0;0
9230,321348;8;0;0;0
9230,421348;2;0;0;0
9230,521348;8;0;0;0
9230,621348;3;0;0;0
9230,721348;7;0;0;0
9230,821348;7;0;0;0
9230,921348;11;0;0;0
9231,021348;5;0;0;0
9231,121348;4;0;0;0
9231,221348;7;0;0;0
9231,321348;6;0;0;0
9231,421348;7;0;0;0
9231,521348;6;0;0;0
9231,621348;6;0;0;0
9231,721348;7;0;0;0
9231,821348;5;0;0;0
9231,921348;3;0;0;0
9232,021348;5;0;0;0
9232,121348;3;0;0;0
9232,221348;2;0;0;0
9232,321348;4;0;0;0
9232,421348;5;0;0;0
9232,521348;3;0;0;0
9232,621348;2;0;0;0
9232,721348;9;0;0;0
9232,821348;4;0;0;0
9232,921348;4;0;0;0
9233,021348;6;0;0;0
9233,121348;3;0;0;0
9233,221348;7;0;0;0
9233,321348;3;0;0;0
9233,421348;5;0;0;0
9233,521348;6;0;0;0
9233,621348;2;0;0;0
9233,721348;2;0;0;0
9233,821348;7;0;0;0
9233,921348;4;0;0;0
9234,021348;1;0;0;0
9234,121348;3;0;0;0
9234,221348;5;0;0;0
9234,321348;4;0;0;0
9234,421348;4;0;0;0
9234,521348;7;0;0;0
9234,621348;1;0;0;0
9234,721348;2;0;0;0
9234,821348;1;0;0;0
9234,921348;1;0;0;0
9235,021348;2;0;0;0
9235,121348;2;0;0;0
9235,221348;2;0;0;0
9235,321348;2;0;0;0
9235,421348;4;0;0;0
9235,521348;2;0;0;0
9235,621348;5;0;0;0
9235,721348;3;0;0;0
9235,821348;3;0;0;0
9235,921348;2;0;0;0
9236,021348;2;0;0;0
9236,121348;4;0;0;0
9236,321348;5;0;0;0
9236,421348;4;0;0;0
9236,521348;3;0;0;0
9236,621348;5;0;0;0
9236,721348;2;0;0;0
9236,821348;3;0;0;0
9236,921348;5;0;0;0
9237,021348;1;0;0;0
9237,121348;2;0;0;0
9237,221348;2;0;0;0
9237,321348;2;0;0;0
9237,421348;1;0;0;0
9237,521348;1;0;0;0
9237,721348;3;0;0;0
9237,821348;4;0;0;0
9237,921348;1;0;0;0
9238,021348;3;0;0;0
9238,121348;1;0;0;0
9238,221348;4;0;0;0
9238,321348;1;0;0;0
9238,521348;3;0;0;0
9238,621348;2;0;0;0
9238,721348;1;0;0;0
9238,821348;1;0;0;0
9238,921348;2;0;0;0
9239,021348;1;0;0;0
9239,121348;4;0;0;0
9239,221348;2;0;0;0
9239,321348;2;0;0;0
9239,421348;2;0;0;0
9239,521348;2;0;0;0
9239,621348;2;0;0;0
9239,721348;3;0;0;0
9239,821348;3;0;0;0
9239,921348;1;0;0;0
9240,121348;4;0;0;0
9240,321348;1;0;0;0
9240,421348;2;0;0;0
9240,721348;1;0;0;0
9240,921348;1;0;0;0
9241,121348;3;0;0;0
9241,221348;2;0;0;0
9241,421348;1;0;0;0
9241,721348;2;0;0;0
9241,821348;2;0;0;0
9242,021348;1;0;0;0
9242,121348;2;0;0;0
9242,321348;1;0;0;0
9242,621348;1;0;0;0
9242,721348;3;0;0;0
9242,821348;1;0;0;0
9243,221348;1;0;0;0
9243,421348;1;0;0;0
9243,521348;1;0;0;0
9243,621348;1;0;0;0
9243,821348;1;0;0;0
9243,921348;1;0;0;0
9244,121348;1;0;0;0
9244,321348;1;0;0;0
9244,721348;2;0;0;0
9245,221348;1;0;0;0
9245,521348;2;0;0;0
9245,721348;1;0;0;0
9246,021348;1;0;0;0
9246,421348;2;0;0;0
9246,621348;1;0;0;0
9246,721348;1;0;0;0
9247,121348;1;0;0;0
9247,421348;1;0;0;0
9247,921348;1;0;0;0
9248,121348;1;0;0;0
9248,321348;1;0;0;0
9248,821348;1;0;0;0
9249,021348;1;0;0;0
9249,121348;1;0;0;0
9249,221348;1;0;0;0
9249,521348;1;0;0;0
9249,821348;1;0;0;0
9249,921348;2;0;0;0
9250,021348;1;0;0;0
9250,321348;1;0;0;0
9250,721348;2;0;0;0
9251,821348;1;0;0;0
9252,221348;1;0;0;0
9252,821348;1;0;0;0
9255,621348;1;0;0;0
9259,021348;1;0;0;0
9260,021348;1;0;0;0
9326,980899;1;0;0;0
9327,380899;3;0;0;0
9327,680899;2;0;0;0
9328,480899;1;0;0;0
9328,680899;1;0;0;0
9329,080899;1;0;0;0
9329,180899;1;0;0;0
9329,380899;2;0;0;0
9329,480899;1;0;0;0
9329,680899;1;0;0;0
9329,780899;1;0;0;0
9329,880899;1;0;0;0
9330,180899;1;0;0;0
9330,380899;1;0;0;0
9330,480899;1;0;0;0
9330,780899;2;0;0;0
9330,880899;1;0;0;0
9330,980899;1;0;0;0
9331,080899;2;0;0;0
9331,180899;1;0;0;0
9331,380899;3;0;0;0
9331,480899;1;0;0;0
9331,580899;1;0;0;0
9331,680899;2;0;0;0
9331,780899;3;0;0;0
9331,880899;3;0;0;0
9331,980899;1;0;0;0
9332,080899;5;0;0;0
9332,180899;1;0;0;0
9332,280899;3;0;0;0
9332,380899;3;0;0;0
9332,480899;4;0;0;0
9332,580899;2;0;0;0
9332,680899;3;0;0;0
9332,780899;4;0;0;0
9332,880899;3;0;0;0
9332,980899;6;0;0;0
9333,080899;2;0;0;0
9333,180899;1;0;0;0
9333,280899;4;0;0;0
9333,380899;4;0;0;0
9333,580899;3;0;0;0
9333,680899;3;0;0;0
9333,780899;3;0;0;0
9333,880899;3;0;0;0
9333,980899;13;0;0;0
9334,080899;3;0;0;0
9334,180899;4;0;0;0
9334,280899;2;0;0;0
9334,380899;4;0;0;0
9334,480899;2;0;0;0
9334,580899;3;0;0;0
9334,680899;5;0;0;0
9334,780899;6;0;0;0
9334,880899;7;0;0;0
9335,080899;3;0;0;0
9335,180899;1;0;0;0
9335,280899;4;0;0;0
9335,380899;5;0;0;0
9335,480899;3;0;0;0
9335,580899;6;0;0;0
9335,680899;9;0;0;0
9335,780899;8;0;0;0
9335,880899;3;0;0;0
9335,980899;3;0;0;0
9336,080899;5;0;0;0
9336,180899;5;0;0;0
9336,280899;3;0;0;0
9336,380899;8;0;0;0
9336,480899;3;0;0;0
9336,580899;6;0;0;0
9336,680899;7;0;0;0
9336,780899;4;0;0;0
9336,880899;11;0;0;0
9336,980899;5;0;0;0
9337,080899;6;0;0;0
9337,180899;4;0;0;0
9337,280899;4;0;0;0
9337,380899;4;0;0;0
9337,480899;5;0;0;0
9337,580899;7;0;0;0
9337,680899;9;0;0;0
9337,780899;7;0;0;0
9337,880899;7;0;0;0
9337,980899;9;0;0;0
9338,080899;11;0;0;0
9338,180899;6;0;0;0
9338,280899;5;0;0;0
9338,380899;5;0;0;0
9338,480899;6;0;0;0
9338,580899;7;0;0;0
9338,680899;3;0;0;0
9338,780899;8;0;0;0
9338,880899;3;0;0;0
9338,980899;5;0;0;0
9339,080899;8;0;0;0
9339,180899;12;0;0;0
9339,280899;7;0;0;0
9339,380899;8;0;0;0
9339,480899;5;0;0;0
9339,580899;10;0;0;0
9339,680899;8;0;0;0
9339,780899;5;0;0;0
9339,880899;6;0;0;0
9339,980899;7;0;0;0
9340,080899;8;0;0;0
9340,180899;8;0;0;0
9340,280899;3;0;0;0
9340,380899;3;0;0;0
9340,480899;7;0;0;0
9340,580899;4;0;0;0
9340,680899;9;0;0;0
9340,780899;8;0;0;0
9340,880899;4;0;0;0
9340,980899;6;0;0;0
9341,080899;7;0;0;0
9341,180899;9;0;0;0
9341,280899;5;0;0;0
9341,380899;8;0;0;0
9341,480899;3;0;0;0
9341,580899;7;0;0;0
9341,680899;6;0;0;0
9341,780899;6;0;0;0
9341,880899;6;0;0;0
9341,980899;6;0;0;0
9342,080899;5;0;0;0
9342,180899;9;0;0;0
9342,280899;9;0;0;0
9342,380899;6;0;0;0
9342,480899;3;0;0;0
9342,580899;1;0;0;0
9342,680899;1;0;0;0
9342,780899;9;0;0;0
9342,880899;6;0;0;0
9342,980899;6;0;0;0
9343,080899;4;0;0;0
9343,180899;7;0;0;0
9343,280899;9;0;0;0
9343,380899;2;0;0;0
9343,480899;7;0;0;0
9343,580899;4;0;0;0
9343,680899;10;0;0;0
9343,780899;4;0;0;0
9343,880899;7;0;0;0
9343,980899;8;0;0;0
9344,080899;7;0;0;0
9344,180899;3;0;0;0
9344,280899;5;0;0;0
9344,380899;10;0;0;0
9344,480899;9;0;0;0
9344,580899;5;0;0;0
9344,680899;3;0;0;0
9344,780899;6;0;0;0
9344,880899;7;0;0;0
9344,980899;3;0;0;0
9345,080899;2;0;0;0
9345,180899;4;0;0;0
9345,280899;5;0;0;0
9345,380899;12;0;0;0
9345,480899;6;0;0;0
9345,580899;2;0;0;0
9345,680899;6;0;0;0
9345,780899;4;0;0;0
9345,880899;5;0;0;0
9345,980899;6;0;0;0
9346,080899;7;0;0;0
9346,180899;1;0;0;0
9346,280899;5;0;0;0
9346,380899;6;0;0;0
9346,480899;6;0;0;0
9346,580899;3;0;0;0
9346,680899;2;0;0;0
9346,780899;6;0;0;0
9346,880899;3;0;0;0
9346,980899;6;0;0;0
9347,080899;7;0;0;0
9347,180899;4;0;0;0
9347,280899;4;0;0;0
9347,380899;2;0;0;0
9347,480899;2;0;0;0
9347,580899;3;0;0;0
9347,680899;6;0;0;0
9347,780899;2;0;0;0
9347,880899;5;0;0;0
9347,980899;3;0;0;0
9348,080899;5;0;0;0
9348,180899;1;0;0;0
9348,280899;7;0;0;0
9348,380899;4;0;0;0
9348,480899;5;0;0;0
9348,580899;2;0;0;0
9348,780899;4;0;0;0
9348,880899;5;0;0;0
9348,980899;1;0;0;0
9349,080899;3;0;0;0
9349,180899;4;0;0;0
9349,280899;5;0;0;0
9349,380899;4;0;0;0
9349,480899;3;0;0;0
9349,580899;5;0;0;0
9349,680899;2;0;0;0
9349,780899;1;0;0;0
9349,880899;6;0;0;0
9349,980899;2;0;0;0
9350,080899;3;0;0;0
9350,180899;1;0;0;0
9350,280899;1;0;0;0
9350,380899;3;0;0;0
9350,480899;1;0;0;0
9350,580899;3;0;0;0
9350,680899;1;0;0;0
9350,780899;2;0;0;0
9350,880899;3;0;0;0
9350,980899;6;0;0;0
9351,080899;5;0;0;0
9351,180899;6;0;0;0
9351,280899;6;0;0;0
9351,480899;2;0;0;0
9351,580899;3;0;0;0
9351,680899;5;0;0;0
9351,780899;2;0;0;0
9351,880899;1;0;0;0
9351,980899;4;0;0;0
9352,080899;5;0;0;0
9352,180899;1;0;0;0
9352,280899;4;0;0;0
9352,380899;4;0;0;0
9352,580899;2;0;0;0
9352,680899;2;0;0;0
9352,880899;4;0;0;0
9352,980899;1;0;0;0
9353,080899;2;0;0;0
9353,180899;4;0;0;0
9353,280899;5;0;0;0
9353,480899;1;0;0;0
9353,580899;3;0;0;0
9353,680899;1;0;0;0
9353,780899;1;0;0;0
9353,880899;1;0;0;0
9353,980899;6;0;0;0
9354,080899;1;0;0;0
9354,180899;3;0;0;0
9354,280899;1;0;0;0
9354,380899;1;0;0;0
9354,480899;2;0;0;0
9354,580899;2;0;0;0
9354,880899;1;0;0;0
9354,980899;2;0;0;0
9355,180899;2;0;0;0
9355,280899;1;0;0;0
9355,480899;1;0;0;0
9355,580899;2;0;0;0
9355,680899;4;0;0;0
9355,880899;3;0;0;0
9355,980899;2;0;0;0
9356,080899;1;0;0;0
9356,180899;1;0;0;0
9356,380899;1;0;0;0
9356,480899;2;0;0;0
9356,580899;2;0;0;0
9356,780899;3;0;0;0
9356,880899;1;0;0;0
9357,180899;1;0;0;0
9357,280899;1;0;0;0
9357,380899;1;0;0;0
9357,580899;1;0;0;0
9357,680899;2;0;0;0
9357,780899;2;0;0;0
9357,880899;1;0;0;0
9358,080899;2;0;0;0
9358,180899;1;0;0;0
9358,380899;1;0;0;0
9358,680899;1;0;0;0
9358,980899;2;0;0;0
9359,080899;2;0;0;0
9359,280899;1;0;0;0
9359,480899;1;0;0;0
9360,080899;1;0;0;0
9360,280899;1;0;0;0
9360,480899;1;0;0;0
9360,580899;1;0;0;0
9360,880899;2;0;0;0
9361,080899;1;0;0;0
9361,280899;1;0;0;0
9361,480899;1;0;0;0
9361,780899;2;0;0;0
9361,880899;1;0;0;0
9362,380899;1;0;0;0
9362,580899;1;0;0;0
9362,780899;1;0;0;0
9363,080899;1;0;0;0
9363,580899;1;0;0;0
9363,880899;1;0;0;0
9364,980899;1;0;0;0
9365,980899;2;0;0;0
9366,880899;1;0;0;0
9367,380899;1;0;0;0
9367,480899;1;0;0;0
9367,780899;1;0;0;0
9367,880899;1;0;0;0
9369,180899;1;0;0;0
9369,680899;1;0;0;0
9437,540449;1;0;0;0
9438,540449;1;0;0;0
9438,740449;1;0;0;0
9440,440449;1;0;0;0
9440,540449;1;0;0;0
9440,740449;1;0;0;0
9441,240449;1;0;0;0
9441,340449;1;0;0;0
9441,540449;1;0;0;0
9441,640449;1;0;0;0
9442,340449;1;0;0;0
9442,440449;2;0;0;0
9442,540449;2;0;0;0
9442,640449;1;0;0;0
9442,740449;1;0;0;0
9442,840449;2;0;0;0
9442,940449;1;0;0;0
9443,140449;2;0;0;0
9443,240449;1;0;0;0
9443,440449;1;0;0;0
9443,540449;1;0;0;0
9443,640449;1;0;0;0
9443,840449;1;0;0;0
9444,040449;2;0;0;0
9444,140449;2;0;0;0
9444,340449;1;0;0;0
9444,440449;1;0;0;0
9444,540449;5;0;0;0
9444,740449;3;0;0;0
9444,840449;1;0;0;0
9444,940449;2;0;0;0
9445,040449;2;0;0;0
9445,140449;1;0;0;0
9445,440449;1;0;0;0
9445,540449;2;0;0;0
9445,640449;2;0;0;0
9445,740449;1;0;0;0
9445,840449;1;0;0;0
9445,940449;3;0;0;0
9446,140449;5;0;0;0
9446,240449;3;0;0;0
9446,340449;2;0;0;0
9446,440449;2;0;0;0
9446,540449;3;0;0;0
9446,640449;3;0;0;0
9446,740449;5;0;0;0
9446,840449;3;0;0;0
9446,940449;2;0;0;0
9447,040449;3;0;0;0
9447,140449;5;0;0;0
9447,240449;5;0;0;0
9447,340449;4;0;0;0
9447,540449;4;0;0;0
9447,640449;1;0;0;0
9447,740449;1;0;0;0
9447,840449;3;0;0;0
9447,940449;4;0;0;0
9448,040449;3;0;0;0
9448,140449;1;0;0;0
9448,240449;3;0;0;0
9448,340449;4;0;0;0
9448,440449;2;0;0;0
9448,540449;5;0;0;0
9448,640449;2;0;0;0
9448,740449;2;0;0;0
9448,840449;3;0;0;0
9448,940449;4;0;0;0
9449,040449;2;0;0;0
9449,140449;2;0;0;0
9449,240449;1;0;0;0
9449,340449;4;0;0;0
9449,440449;2;0;0;0
9449,540449;5;0;0;0
9449,640449;1;0;0;0
9449,740449;6;0;0;0
9449,840449;5;0;0;0
9449,940449;7;0;0;0
9450,040449;5;0;0;0
9450,140449;4;0;0;0
9450,240449;2;0;0;0
9450,340449;6;0;0;0
9450,440449;3;0;0;0
9450,540449;4;0;0;0
9450,640449;4;0;0;0
9450,740449;2;0;0;0
9450,840449;6;0;0;0
9450,940449;1;0;0;0
9451,040449;4;0;0;0
9451,140449;3;0;0;0
9451,240449;7;0;0;0
9451,340449;2;0;0;0
9451,440449;3;0;0;0
9451,540449;4;0;0;0
9451,640449;1;0;0;0
9451,740449;2;0;0;0
9451,840449;3;0;0;0
9451,940449;2;0;0;0
9452,040449;6;0;0;0
9452,140449;4;0;0;0
9452,240449;4;0;0;0
9452,340449;7;0;0;0
9452,440449;6;0;0;0
9452,540449;3;0;0;0
9452,640449;5;0;0;0
9452,740449;3;0;0;0
9452,840449;9;0;0;0
9452,940449;3;0;0;0
9453,040449;6;0;0;0
9453,140449;5;0;0;0
9453,240449;8;0;0;0
9453,340449;4;0;0;0
9453,440449;5;0;0;0
9453,540449;6;0;0;0
9453,640449;5;0;0;0
9453,740449;4;0;0;0
9453,840449;3;0;0;0
9453,940449;4;0;0;0
9454,040449;5;0;0;0
9454,140449;5;0;0;0
9454,240449;1;0;0;0
9454,340449;2;0;0;0
9454,440449;1;0;0;0
9454,540449;6;0;0;0
9454,640449;4;0;0;0
9454,740449;6;0;0;0
9454,840449;3;0;0;0
9454,940449;3;0;0;0
9455,040449;3;0;0;0
9455,140449;3;0;0;0
9455,240449;5;0;0;0
9455,340449;5;0;0;0
9455,440449;6;0;0;0
9455,540449;3;0;0;0
9455,640449;2;0;0;0
9455,740449;4;0;0;0
9455,840449;3;0;0;0
9455,940449;4;0;0;0
9456,040449;2;0;0;0
9456,140449;7;0;0;0
9456,240449;3;0;0;0
9456,340449;9;0;0;0
9456,440449;6;0;0;0
9456,540449;2;0;0;0
9456,640449;2;0;0;0
9456,740449;3;0;0;0
9456,840449;1;0;0;0
9456,940449;4;0;0;0
9457,040449;5;0;0;0
9457,140449;2;0;0;0
9457,240449;4;0;0;0
9457,340449;7;0;0;0
9457,440449;4;0;0;0
9457,540449;2;0;0;0
9457,640449;6;0;0;0
9457,740449;6;0;0;0
9457,840449;5;0;0;0
9457,940449;2;0;0;0
9458,040449;6;0;0;0
9458,140449;2;0;0;0
9458,240449;5;0;0;0
9458,340449;3;0;0;0
9458,440449;6;0;0;0
9458,540449;6;0;0;0
9458,640449;4;0;0;0
9458,740449;3;0;0;0
9458,840449;1;0;0;0
9459,040449;4;0;0;0
9459,140449;2;0;0;0
9459,240449;4;0;0;0
9459,340449;5;0;0;0
9459,440449;2;0;0;0
9459,540449;4;0;0;0
9459,640449;3;0;0;0
9459,740449;2;0;0;0
9459,840449;1;0;0;0
9459,940449;3;0;0;0
9460,040449;2;0;0;0
9460,140449;2;0;0;0
9460,240449;4;0;0;0
9460,340449;2;0;0;0
9460,440449;5;0;0;0
9460,540449;4;0;0;0
9460,640449;1;0;0;0
9460,740449;5;0;0;0
9460,840449;3;0;0;0
9460,940449;2;0;0;0
9461,040449;3;0;0;0
9461,140449;2;0;0;0
9461,240449;2;0;0;0
9461,440449;2;0;0;0
9461,540449;2;0;0;0
9461,640449;4;0;0;0
9461,740449;5;0;0;0
9461,840449;1;0;0;0
9461,940449;3;0;0;0
9462,040449;7;0;0;0
9462,140449;2;0;0;0
9462,240449;7;0;0;0
9462,340449;2;0;0;0
9462,440449;2;0;0;0
9462,540449;3;0;0;0
9462,640449;5;0;0;0
9462,740449;1;0;0;0
9462,840449;2;0;0;0
9462,940449;5;0;0;0
9463,040449;8;0;0;0
9463,140449;1;0;0;0
9463,340449;4;0;0;0
9463,440449;4;0;0;0
9463,540449;2;0;0;0
9463,640449;2;0;0;0
9463,740449;5;0;0;0
9463,840449;4;0;0;0
9463,940449;5;0;0;0
9464,040449;4;0;0;0
9464,140449;6;0;0;0
9464,240449;4;0;0;0
9464,340449;5;0;0;0
9464,440449;2;0;0;0
9464,540449;6;0;0;0
9464,640449;4;0;0;0
9464,740449;4;0;0;0
9464,840449;5;0;0;0
9464,940449;2;0;0;0
9465,040449;6;0;0;0
9465,140449;3;0;0;0
9465,240449;5;0;0;0
9465,340449;3;0;0;0
9465,440449;2;0;0;0
9465,540449;2;0;0;0
9465,640449;2;0;0;0
9465,840449;4;0;0;0
9465,940449;1;0;0;0
9466,040449;2;0;0;0
9466,140449;1;0;0;0
9466,240449;3;0;0;0
9466,340449;1;0;0;0
9466,440449;1;0;0;0
9466,540449;3;0;0;0
9466,640449;3;0;0;0
9466,740449;1;0;0;0
9466,840449;4;0;0;0
9466,940449;1;0;0;0
9467,040449;1;0;0;0
9467,140449;3;0;0;0
9467,240449;3;0;0;0
9467,340449;3;0;0;0
9467,440449;1;0;0;0
9467,540449;1;0;0;0
9467,640449;3;0;0;0
9467,840449;1;0;0;0
9467,940449;1;0;0;0
9468,040449;2;0;0;0
9468,140449;3;0;0;0
9468,240449;3;0;0;0
9468,440449;1;0;0;0
9468,640449;2;0;0;0
9468,740449;1;0;0;0
9468,840449;1;0;0;0
9468,940449;1;0;0;0
9469,040449;3;0;0;0
9469,140449;4;0;0;0
9469,240449;4;0;0;0
9469,340449;2;0;0;0
9469,440449;1;0;0;0
9469,540449;1;0;0;0
9469,740449;1;0;0;0
9469,840449;1;0;0;0
9469,940449;2;0;0;0
9470,040449;3;0;0;0
9470,140449;3;0;0;0
9470,240449;2;0;0;0
9470,340449;2;0;0;0
9470,440449;1;0;0;0
9470,540449;1;0;0;0
9470,640449;2;0;0;0
9470,940449;1;0;0;0
9471,140449;2;0;0;0
9471,240449;2;0;0;0
9471,440449;3;0;0;0
9471,540449;3;0;0;0
9471,740449;1;0;0;0
9472,040449;1;0;0;0
9472,240449;2;0;0;0
9472,340449;1;0;0;0
9472,440449;1;0;0;0
9472,640449;1;0;0;0
9472,740449;1;0;0;0
9472,840449;1;0;0;0
9472,940449;1;0;0;0
9473,040449;1;0;0;0
9473,140449;1;0;0;0
9473,540449;2;0;0;0
9473,640449;1;0;0;0
9473,740449;1;0;0;0
9473,840449;2;0;0;0
9474,040449;1;0;0;0
9474,240449;1;0;0;0
9474,340449;1;0;0;0
9474,440449;1;0;0;0
9474,840449;1;0;0;0
9475,440449;1;0;0;0
9475,540449;2;0;0;0
9475,640449;2;0;0;0
9475,840449;1;0;0;0
9475,940449;1;0;0;0
9476,040449;3;0;0;0
9476,140449;2;0;0;0
9476,340449;3;0;0;0
9476,440449;2;0;0;0
9476,640449;3;0;0;0
9476,840449;1;0;0;0
9477,340449;1;0;0;0
9477,440449;2;0;0;0
9477,940449;2;0;0;0
9478,040449;1;0;0;0
9478,540449;1;0;0;0
9478,940449;1;0;0;0
9479,540449;1;0;0;0
9479,840449;1;0;0;0
9480,440449;1;0;0;0
9481,240449;1;0;0;0
9481,440449;1;0;0;0
9481,540449;1;0;0;0
9481,940449;1;0;0;0
9482,340449;2;0;0;0
9482,440449;1;0;0;0
9482,540449;1;0;0;0
9483,040449;1;0;0;0
9483,340449;1;0;0;0
9484,040449;1;0;0;0
9486,640449;1;0;0;0
9552,2;1;0;0;0
9552,6;1;0;0;0
9554,3;1;0;0;0
9554,4;1;0;0;0
9554,9;1;0;0;0
9555,5;2;0;0;0
9555,6;1;0;0;0
9556,2;1;0;0;0
9556,5;1;0;0;0
9556,8;1;0;0;0
9556,9;1;0;0;0
9557;1;0;0;0
9557,1;1;0;0;0
9557,3;2;0;0;0
9557,4;1;0;0;0
9557,6;1;0;0;0
9557,7;3;0;0;0
9557,8;2;0;0;0
9558;1;0;0;0
9558,1;1;0;0;0
9558,3;1;0;0;0
9558,7;1;0;0;0
9558,9;2;0;0;0
9559,1;2;0;0;0
9559,2;1;0;0;0
9559,3;3;0;0;0
9559,4;1;0;0;0
9559,5;3;0;0;0
9559,6;2;0;0;0
9559,7;2;0;0;0
9560,2;1;0;0;0
9560,3;1;0;0;0
9560,4;1;0;0;0
9560,5;1;0;0;0
9560,6;2;0;0;0
9560,7;3;0;0;0
9560,8;3;0;0;0
9561,1;3;0;0;0
9561,2;1;0;0;0
9561,4;2;0;0;0
9561,6;3;0;0;0
9561,7;5;0;0;0
9561,8;3;0;0;0
9561,9;1;0;0;0
9562;1;0;0;0
9562,1;1;0;0;0
9562,4;1;0;0;0
9562,5;1;0;0;0
9562,7;2;0;0;0
9562,8;1;0;0;0
9563;1;0;0;0
9563,1;3;0;0;0
9563,3;2;0;0;0
9563,4;3;0;0;0
9563,5;1;0;0;0
9563,6;3;0;0;0
9563,7;1;0;0;0
9563,8;1;0;0;0
9563,9;1;0;0;0
9564;1;0;0;0
9564,1;1;0;0;0
9564,2;1;0;0;0
9564,3;2;0;0;0
9564,4;2;0;0;0
9564,6;6;0;0;0
9564,7;1;0;0;0
9564,8;2;0;0;0
9564,9;3;0;0;0
9565;3;0;0;0
9565,2;2;0;0;0
9565,3;2;0;0;0
9565,4;3;0;0;0
9565,5;2;0;0;0
9565,6;2;0;0;0
9565,7;2;0;0;0
9565,8;1;0;0;0
9565,9;2;0;0;0
9566;2;0;0;0
9566,1;1;0;0;0
9566,2;2;0;0;0
9566,5;1;0;0;0
9566,6;3;0;0;0
9566,7;1;0;0;0
9566,8;2;0;0;0
9566,9;2;0;0;0
9567;3;0;0;0
9567,1;4;0;0;0
9567,2;3;0;0;0
9567,3;4;0;0;0
9567,4;2;0;0;0
9567,5;3;0;0;0
9567,6;5;0;0;0
9567,7;4;0;0;0
9567,8;9;0;0;0
9567,9;3;0;0;0
9568;3;0;0;0
9568,2;2;0;0;0
9568,3;2;0;0;0
9568,4;4;0;0;0
9568,5;3;0;0;0
9568,6;3;0;0;0
9568,7;3;0;0;0
9568,8;3;0;0;0
9568,9;3;0;0;0
9569;4;0;0;0
9569,1;6;0;0;0
9569,3;1;0;0;0
9569,4;1;0;0;0
9569,5;2;0;0;0
9569,6;2;0;0;0
9569,7;3;0;0;0
9569,8;4;0;0;0
9569,9;5;0;0;0
9570;1;0;0;0
9570,1;1;0;0;0
9570,2;5;0;0;0
9570,3;2;0;0;0
9570,5;1;0;0;0
9570,6;1;0;0;0
9570,9;2;0;0;0
9571;5;0;0;0
9571,1;3;0;0;0
9571,2;2;0;0;0
9571,3;4;0;0;0
9571,4;1;0;0;0
9571,5;3;0;0;0
9571,6;1;0;0;0
9571,7;2;0;0;0
9571,8;2;0;0;0
9571,9;1;0;0;0
9572;1;0;0;0
9572,1;3;0;0;0
9572,2;2;0;0;0
9572,3;7;0;0;0
9572,4;4;0;0;0
9572,5;1;0;0;0
9572,6;3;0;0;0
9572,7;4;0;0;0
9572,8;3;0;0;0
9572,9;3;0;0;0
9573;1;0;0;0
9573,1;3;0;0;0
9573,3;2;0;0;0
9573,4;3;0;0;0
9573,5;4;0;0;0
9573,6;3;0;0;0
9573,7;2;0;0;0
9573,8;1;0;0;0
9574;2;0;0;0
9574,1;2;0;0;0
9574,2;3;0;0;0
9574,4;2;0;0;0
9574,5;2;0;0;0
9574,7;1;0;0;0
9574,8;3;0;0;0
9574,9;5;0;0;0
9575;1;0;0;0
9575,1;1;0;0;0
9575,2;1;0;0;0
9575,3;1;0;0;0
9575,5;2;0;0;0
9575,6;1;0;0;0
9575,7;2;0;0;0
9575,8;2;0;0;0
9575,9;1;0;0;0
9576;2;0;0;0
9576,1;1;0;0;0
9576,3;1;0;0;0
9576,4;5;0;0;0
9576,5;1;0;0;0
9576,6;4;0;0;0
9576,7;2;0;0;0
9576,8;1;0;0;0
9576,9;5;0;0;0
9577;3;0;0;0
9577,1;1;0;0;0
9577,2;2;0;0;0
9577,3;1;0;0;0
9577,4;4;0;0;0
9577,5;1;0;0;0
9577,6;3;0;0;0
9577,7;4;0;0;0
9578;1;0;0;0
9578,1;3;0;0;0
9578,2;1;0;0;0
9578,4;3;0;0;0
9578,5;1;0;0;0
9578,7;2;0;0;0
9578,8;2;0;0;0
9578,9;1;0;0;0
9579;2;0;0;0
9579,1;3;0;0;0
9579,2;1;0;0;0
9579,3;1;0;0;0
9579,4;2;0;0;0
9579,5;2;0;0;0
9579,6;2;0;0;0
9579,7;1;0;0;0
9579,8;1;0;0;0
9580,1;2;0;0;0
9580,2;2;0;0;0
9580,4;2;0;0;0
9580,5;2;0;0;0
9580,6;1;0;0;0
9580,7;4;0;0;0
9580,8;2;0;0;0
9580,9;2;0;0;0
9581;4;0;0;0
9581,2;2;0;0;0
9581,3;2;0;0;0
9581,4;1;0;0;0
9581,5;2;0;0;0
9581,6;3;0;0;0
9581,8;3;0;0;0
9581,9;1;0;0;0
9582;4;0;0;0
9582,1;2;0;0;0
9582,2;1;0;0;0
9582,3;2;0;0;0
9582,4;2;0;0;0
9582,6;1;0;0;0
9582,7;2;0;0;0
9582,8;1;0;0;0
9582,9;1;0;0;0
9583;1;0;0;0
9583,1;1;0;0;0
9583,2;1;0;0;0
9583,3;2;0;0;0
9583,5;2;0;0;0
9583,7;1;0;0;0
9583,8;3;0;0;0
9584,1;1;0;0;0
9584,2;1;0;0;0
9584,3;1;0;0;0
9584,4;2;0;0;0
9584,5;1;0;0;0
9584,6;1;0;0;0
9584,7;2;0;0;0
9584,8;1;0;0;0
9585;1;0;0;0
9585,2;1;0;0;0
9585,7;1;0;0;0
9585,9;1;0;0;0
9586;2;0;0;0
9586,2;3;0;0;0
9586,4;1;0;0;0
9586,5;1;0;0;0
9586,6;1;0;0;0
9586,9;1;0;0;0
9587;1;0;0;0
9587,2;1;0;0;0
9587,4;1;0;0;0
9587,7;1;0;0;0
9588,3;1;0;0;0
9589,8;1;0;0;0
9590,9;1;0;0;0
9591,2;2;0;0;0
9664,9;0;0;0;75
