0;0;0;600;0
3120,928571;0;1;0;0
3476,971429;0;1;0;0
3478,171429;0;1;0;0
3832,014286;0;1;0;0
3832,814286;0;1;0;0
3833,214286;0;1;0;0
3834,214286;0;1;0;0
3834,614286;0;1;0;0
3835,314286;0;1;0;0
3836,714286;0;1;0;0
3837,914286;0;1;0;0
4189,857143;0;1;0;0
4190,957143;0;1;0;0
4191,157143;0;2;0;0
4191,257143;0;3;0;0
4191,457143;0;1;0;0
4191,657143;0;1;0;0
4191,857143;0;1;0;0
4191,957143;0;3;0;0
4192,657143;0;1;0;0
4192,757143;0;1;0;0
4192,857143;0;1;0;0
4193,057143;0;1;0;0
4193,257143;0;1;0;0
4193,557143;0;1;0;0
4546,5;0;1;0;0
4546,6;0;1;0;0
4547;0;1;0;0
4547,1;0;1;0;0
4547,4;0;1;0;0
4547,6;0;2;0;0
4547,7;0;1;0;0
4547,9;0;1;0;0
4548;0;2;0;0
4548,2;0;1;0;0
4548,3;0;4;0;0
4548,4;0;2;0;0
4548,5;0;1;0;0
4548,7;0;1;0;0
4548,9;0;2;0;0
4549;0;1;0;0
4549,1;0;1;0;0
4549,2;0;2;0;0
4549,3;0;2;0;0
4549,4;0;1;0;0
4549,5;0;1;0;0
4549,7;0;3;0;0
4549,9;0;2;0;0
4550;0;2;0;0
4550,1;0;1;0;0
4550,2;0;2;0;0
4550,3;0;2;0;0
4550,5;0;1;0;0
4550,6;0;1;0;0
4550,8;0;1;0;0
4550,9;0;2;0;0
4551,2;0;2;0;0
4551,8;0;1;0;0
4552,2;0;1;0;0
4874,6;2;0;0;0
4874,7;1;0;0;0
4903,042857;0;1;0;0
4903,542857;0;1;0;0
4903,642857;0;1;0;0
4903,842857;0;2;0;0
4903,942857;0;2;0;0
4904,142857;0;1;0;0
4904,242857;0;1;0;0
4904,642857;0;1;0;0
4904,742857;0;1;0;0
4904,842857;0;4;0;0
4904,942857;0;1;0;0
4905,042857;0;1;0;0
4905,142857;0;2;0;0
4905,242857;0;5;0;0
4905,342857;0;3;0;0
4905,442857;0;3;0;0
4905,542857;0;3;0;0
4905,642857;0;2;0;0
4905,742857;0;4;0;0
4905,842857;0;4;0;0
4905,942857;0;2;0;0
4906,042857;0;3;0;0
4906,142857;0;2;0;0
4906,242857;0;2;0;0
4906,342857;0;3;0;0
4906,442857;0;4;0;0
4906,542857;0;3;0;0
4906,642857;0;2;0;0
4906,742857;0;2;0;0
4906,842857;0;1;0;0
4906,942857;0;2;0;0
4907,042857;0;2;0;0
4907,142857;0;5;0;0
4907,242857;0;1;0;0
4907,342857;0;2;0;0
4907,442857;0;1;0;0
4907,642857;0;3;0;0
4907,742857;0;1;0;0
4907,842857;0;4;0;0
4908,042857;0;1;0;0
4908,142857;0;1;0;0
4908,542857;0;1;0;0
4908,742857;0;1;0;0
4908,842857;0;1;0;0
4909,242857;0;1;0;0
4910,242857;0;1;0;0
5231,742857;1;0;0;0
5231,942857;2;0;0;0
5260,285714;0;2;0;0
5260,585714;0;2;0;0
5260,885714;0;2;0;0
5260,985714;0;1;0;0
5261,085714;0;1;0;0
5261,185714;0;2;0;0
5261,285714;0;3;0;0
5261,385714;0;2;0;0
5261,485714;0;4;0;0
5261,585714;0;1;0;0
5261,685714;0;3;0;0
5261,785714;0;6;0;0
5261,885714;0;3;0;0
5261,985714;0;6;0;0
5262,085714;0;7;0;0
5262,185714;0;4;0;0
5262,285714;0;9;0;0
5262,385714;0;7;0;0
5262,485714;0;5;0;0
5262,585714;0;5;0;0
5262,685714;0;6;0;0
5262,785714;0;14;0;0
5262,885714;0;11;0;0
5262,985714;0;12;0;0
5263,085714;0;11;0;0
5263,185714;0;9;0;0
5263,285714;0;8;0;0
5263,385714;0;12;0;0
5263,485714;0;12;0;0
5263,585714;0;8;0;0
5263,685714;0;9;0;0
5263,785714;0;10;0;0
5263,885714;0;7;0;0
5263,985714;0;7;0;0
5264,085714;0;8;0;0
5264,185714;0;9;0;0
5264,285714;0;7;0;0
5264,385714;0;11;0;0
5264,485714;0;10;0;0
5264,585714;0;5;0;0
5264,685714;0;7;0;0
5264,785714;0;1;0;0
5264,885714;0;3;0;0
5264,985714;0;5;0;0
5265,085714;0;4;0;0
5265,185714;0;5;0;0
5265,285714;0;5;0;0
5265,385714;0;4;0;0
5265,485714;0;2;0;0
5265,585714;0;4;0;0
5265,685714;0;3;0;0
5265,785714;0;3;0;0
5265,885714;0;2;0;0
5265,985714;0;2;0;0
5266,085714;0;1;0;0
5266,185714;0;4;0;0
5275,085714;0;1;0;0
5588,585714;1;0;0;0
5590,285714;1;0;0;0
5590,485714;1;0;0;0
5590,685714;1;0;0;0
5591,785714;1;0;0;0
5617,228571;0;1;0;0
5617,428571;0;1;0;0
5617,528571;0;1;0;0
5617,828571;0;1;0;0
5617,928571;0;1;0;0
5618,028571;0;2;0;0
5618,128571;0;3;0;0
5618,228571;0;4;0;0
5618,328571;0;3;0;0
5618,428571;0;6;0;0
5618,528571;0;4;0;0
5618,628571;0;4;0;0
5618,728571;0;2;0;0
5618,828571;0;2;0;0
5618,928571;0;4;0;0
5619,028571;0;11;0;0
5619,128571;0;11;0;0
5619,228571;0;12;0;0
5619,328571;0;16;0;0
5619,428571;0;7;0;0
5619,528571;0;18;0;0
5619,628571;0;15;0;0
5619,728571;0;14;0;0
5619,828571;0;13;0;0
5619,928571;0;18;0;0
5620,028571;0;21;0;0
5620,128571;0;12;0;0
5620,228571;0;16;0;0
5620,328571;0;17;0;0
5620,428571;0;14;0;0
5620,528571;0;12;0;0
5620,628571;0;13;0;0
5620,728571;0;16;0;0
5620,828571;0;24;0;0
5620,928571;0;15;0;0
5621,028571;0;18;0;0
5621,128571;0;16;0;0
5621,228571;0;15;0;0
5621,328571;0;18;0;0
5621,428571;0;13;0;0
5621,528571;0;7;0;0
5621,628571;0;5;0;0
5621,728571;0;11;0;0
5621,828571;0;9;0;0
5621,928571;0;9;0;0
5622,028571;0;6;0;0
5622,128571;0;9;0;0
5622,228571;0;9;0;0
5622,328571;0;4;0;0
5622,428571;0;10;0;0
5622,528571;0;1;0;0
5622,628571;0;5;0;0
5622,728571;0;11;0;0
5622,828571;0;1;0;0
5622,928571;0;3;0;0
5623,028571;0;3;0;0
5623,128571;0;4;0;0
5623,428571;0;2;0;0
5623,528571;0;3;0;0
5623,628571;0;1;0;0
5623,728571;0;1;0;0
5623,828571;0;1;0;0
5623,928571;0;1;0;0
5624,228571;0;1;0;0
5624,428571;0;1;0;0
5625,028571;0;1;0;0
5625,128571;0;1;0;0
5625,228571;0;1;0;0
5627,928571;0;1;0;0
5944,828571;1;0;0;0
5945,028571;1;0;0;0
5946,128571;1;0;0;0
5946,428571;2;0;0;0
5946,528571;2;0;0;0
5946,628571;3;0;0;0
5946,828571;1;0;0;0
5947,028571;1;0;0;0
5947,228571;1;0;0;0
5947,328571;1;0;0;0
5948,128571;1;0;0;0
5948,528571;1;0;0;0
5948,628571;1;0;0;0
5948,928571;2;0;0;0
5949,028571;4;0;0;0
5949,128571;2;0;0;0
5949,628571;2;0;0;0
5949,728571;2;0;0;0
5949,828571;2;0;0;0
5950,228571;2;0;0;0
5974,071429;0;1;0;0
5974,571429;0;1;0;0
5974,671429;0;1;0;0
5974,971429;0;3;0;0
5975,071429;0;4;0;0
5975,171429;0;4;0;0
5975,271429;0;11;0;0
5975,371429;0;3;0;0
5975,471429;0;7;0;0
5975,571429;0;12;0;0
5975,671429;0;13;0;0
5975,771429;0;11;0;0
5975,871429;0;18;0;0
5975,971429;0;25;0;0
5976,071429;0;22;0;0
5976,171429;0;19;0;0
5976,271429;0;25;0;0
5976,371429;0;23;0;0
5976,471429;0;25;0;0
5976,571429;0;29;0;0
5976,671429;0;36;0;0
5976,771429;0;29;0;0
5976,871429;0;52;0;0
5976,971429;0;38;0;0
5977,071429;0;45;0;0
5977,171429;0;41;0;0
5977,271429;0;34;0;0
5977,371429;0;54;0;0
5977,471429;0;46;0;0
5977,571429;0;40;0;0
5977,671429;0;32;0;0
5977,771429;0;42;0;0
5977,871429;0;51;0;0
5977,971429;0;42;0;0
5978,071429;0;37;0;0
5978,171429;0;41;0;0
5978,271429;0;36;0;0
5978,371429;0;40;0;0
5978,471429;0;36;0;0
5978,571429;0;33;0;0
5978,671429;0;35;0;0
5978,771429;0;28;0;0
5978,871429;0;27;0;0
5978,971429;0;21;0;0
5979,071429;0;26;0;0
5979,171429;0;19;0;0
5979,271429;0;19;0;0
5979,371429;0;32;0;0
5979,471429;0;19;0;0
5979,571429;0;22;0;0
5979,671429;0;17;0;0
5979,771429;0;16;0;0
5979,871429;0;11;0;0
5979,971429;0;4;0;0
5980,071429;0;8;0;0
5980,171429;0;9;0;0
5980,271429;0;3;0;0
5980,371429;0;6;0;0
5980,471429;0;2;0;0
5980,571429;0;3;0;0
5980,671429;0;5;0;0
5980,771429;0;3;0;0
5980,871429;0;4;0;0
5980,971429;0;3;0;0
5981,071429;0;1;0;0
5981,271429;0;1;0;0
5981,371429;0;3;0;0
5981,471429;0;1;0;0
5981,671429;0;2;0;0
5981,871429;0;1;0;0
5982,071429;0;1;0;0
5982,171429;0;1;0;0
5982,271429;0;1;0;0
5982,371429;0;2;0;0
5982,471429;0;1;0;0
5982,571429;0;1;0;0
5983,171429;0;1;0;0
5984,671429;0;1;0;0
6301,771429;1;0;0;0
6301,871429;1;0;0;0
6301,971429;1;0;0;0
6302,271429;4;0;0;0
6302,371429;2;0;0;0
6302,471429;4;0;0;0
6302,671429;1;0;0;0
6302,771429;3;0;0;0
6302,871429;5;0;0;0
6303,071429;9;0;0;0
6303,171429;5;0;0;0
6303,371429;3;0;0;0
6303,471429;1;0;0;0
6303,671429;3;0;0;0
6303,771429;1;0;0;0
6303,871429;2;0;0;0
6303,971429;2;0;0;0
6304,071429;2;0;0;0
6304,171429;3;0;0;0
6304,271429;1;0;0;0
6304,471429;6;0;0;0
6304,571429;3;0;0;0
6304,671429;1;0;0;0
6304,771429;1;0;0;0
6304,871429;1;0;0;0
6304,971429;1;0;0;0
6305,071429;3;0;0;0
6305,171429;1;0;0;0
6305,271429;4;0;0;0
6305,371429;4;0;0;0
6305,571429;1;0;0;0
6306,171429;2;0;0;0
6306,271429;2;0;0;0
6306,671429;1;0;0;0
6306,771429;2;0;0;0
6310,371429;1;0;0;0
6311,771429;2;0;0;0
6312,371429;1;0;0;0
6331,314286;0;2;0;0
6331,414286;0;2;0;0
6331,614286;0;1;0;0
6331,714286;0;2;0;0
6331,814286;0;2;0;0
6331,914286;0;7;0;0
6332,014286;0;6;0;0
6332,114286;0;8;0;0
6332,214286;0;9;0;0
6332,314286;0;19;0;0
6332,414286;0;27;0;0
6332,514286;0;19;0;0
6332,614286;0;25;0;0
6332,714286;0;33;0;0
6332,814286;0;39;0;0
6332,914286;0;43;0;0
6333,014286;0;52;0;0
6333,114286;0;59;0;0
6333,214286;0;72;0;0
6333,314286;0;60;0;0
6333,414286;0;80;0;0
6333,514286;0;82;0;0
6333,614286;0;101;0;0
6333,714286;0;91;0;0
6333,814286;0;112;0;0
6333,914286;0;98;0;0
6334,014286;0;125;0;0
6334,114286;0;127;0;0
6334,214286;0;131;0;0
6334,314286;0;144;0;0
6334,414286;0;130;0;0
6334,514286;0;128;0;0
6334,614286;0;145;0;0
6334,714286;0;131;0;0
6334,814286;0;144;0;0
6334,914286;0;139;0;0
6335,014286;0;121;0;0
6335,114286;0;123;0;0
6335,214286;0;122;0;0
6335,314286;0;126;0;0
6335,414286;0;123;0;0
6335,514286;0;97;0;0
6335,614286;0;98;0;0
6335,714286;0;89;0;0
6335,814286;0;101;0;0
6335,914286;0;84;0;0
6336,014286;0;66;0;0
6336,114286;0;85;0;0
6336,214286;0;63;0;0
6336,314286;0;69;0;0
6336,414286;0;74;0;0
6336,514286;0;60;0;0
6336,614286;0;51;0;0
6336,714286;0;48;0;0
6336,814286;0;46;0;0
6336,914286;0;31;0;0
6337,014286;0;28;0;0
6337,114286;0;36;0;0
6337,214286;0;27;0;0
6337,314286;0;22;0;0
6337,414286;0;14;0;0
6337,514286;0;23;0;0
6337,614286;0;18;0;0
6337,714286;0;14;0;0
6337,814286;0;11;0;0
6337,914286;0;5;0;0
6338,014286;0;8;0;0
6338,114286;0;9;0;0
6338,214286;0;7;0;0
6338,314286;0;9;0;0
6338,414286;0;3;0;0
6338,514286;0;7;0;0
6338,614286;0;2;0;0
6338,714286;0;4;0;0
6338,814286;0;4;0;0
6338,914286;0;2;0;0
6339,114286;0;2;0;0
6339,214286;0;2;0;0
6339,314286;0;1;0;0
6339,614286;0;2;0;0
6339,814286;0;2;0;0
6339,914286;0;1;0;0
6340,114286;0;1;0;0
6340,214286;0;3;0;0
6341,214286;0;1;0;0
6342,414286;0;1;0;0
6342,714286;0;1;0;0
6345,714286;0;1;0;0
6347,814286;0;1;0;0
6348,514286;0;1;0;0
6658,614286;2;0;0;0
6658,814286;1;0;0;0
6659,014286;1;0;0;0
6659,314286;3;0;0;0
6659,414286;2;0;0;0
6659,514286;3;0;0;0
6659,614286;3;0;0;0
6659,714286;6;0;0;0
6659,814286;1;0;0;0
6659,914286;6;0;0;0
6660,014286;7;0;0;0
6660,114286;4;0;0;0
6660,214286;3;0;0;0
6660,314286;3;0;0;0
6660,414286;1;0;0;0
6660,514286;2;0;0;0
6660,614286;4;0;0;0
6660,714286;5;0;0;0
6660,814286;3;0;0;0
6660,914286;4;0;0;0
6661,014286;6;0;0;0
6661,114286;5;0;0;0
6661,214286;4;0;0;0
6661,314286;5;0;0;0
6661,414286;6;0;0;0
6661,514286;9;0;0;0
6661,614286;1;0;0;0
6661,714286;3;0;0;0
6661,814286;6;0;0;0
6661,914286;2;0;0;0
6662,014286;4;0;0;0
6662,114286;2;0;0;0
6662,214286;4;0;0;0
6662,314286;1;0;0;0
6662,414286;1;0;0;0
6662,514286;1;0;0;0
6662,614286;3;0;0;0
6662,714286;3;0;0;0
6662,814286;1;0;0;0
6662,914286;2;0;0;0
6663,014286;1;0;0;0
6663,214286;3;0;0;0
6663,514286;1;0;0;0
6663,614286;3;0;0;0
6663,814286;2;0;0;0
6663,914286;1;0;0;0
6664,014286;2;0;0;0
6664,214286;2;0;0;0
6664,314286;1;0;0;0
6664,414286;1;0;0;0
6664,614286;1;0;0;0
6664,914286;1;0;0;0
6665,214286;1;0;0;0
6665,314286;1;0;0;0
6665,414286;1;0;0;0
6665,514286;1;0;0;0
6665,614286;1;0;0;0
6666,214286;2;0;0;0
6666,414286;1;0;0;0
6666,814286;3;0;0;0
6667,114286;1;0;0;0
6688,257143;0;1;0;0
6688,357143;0;1;0;0
6688,457143;0;1;0;0
6688,557143;0;2;0;0
6688,657143;0;2;0;0
6688,757143;0;1;0;0
6688,857143;0;6;0;0
6688,957143;0;5;0;0
6689,057143;0;5;0;0
6689,157143;0;7;0;0
6689,257143;0;12;0;0
6689,357143;0;11;0;0
6689,457143;0;14;0;0
6689,557143;0;17;0;0
6689,657143;0;17;0;0
6689,757143;0;25;0;0
6689,857143;0;26;0;0
6689,957143;0;33;0;0
6690,057143;0;40;0;0
6690,157143;0;47;0;0
6690,257143;0;56;0;0
6690,357143;0;52;0;0
6690,457143;0;53;0;0
6690,557143;0;73;0;0
6690,657143;0;65;0;0
6690,757143;0;91;0;0
6690,857143;0;84;0;0
6690,957143;0;110;0;0
6691,057143;0;104;0;0
6691,157143;0;108;0;0
6691,257143;0;102;0;0
6691,357143;0;101;0;0
6691,457143;0;122;0;0
6691,557143;0;131;0;0
6691,657143;0;129;0;0
6691,757143;0;124;0;0
6691,857143;0;106;0;0
6691,957143;0;111;0;0
6692,057143;0;120;0;0
6692,157143;0;113;0;0
6692,257143;0;111;0;0
6692,357143;0;87;0;0
6692,457143;0;95;0;0
6692,557143;0;106;0;0
6692,657143;0;93;0;0
6692,757143;0;92;0;0
6692,857143;0;99;0;0
6692,957143;0;97;0;0
6693,057143;0;56;0;0
6693,157143;0;77;0;0
6693,257143;0;68;0;0
6693,357143;0;77;0;0
6693,457143;0;59;0;0
6693,557143;0;61;0;0
6693,657143;0;43;0;0
6693,757143;0;44;0;0
6693,857143;0;33;0;0
6693,957143;0;29;0;0
6694,057143;0;48;0;0
6694,157143;0;35;0;0
6694,257143;0;19;0;0
6694,357143;0;29;0;0
6694,457143;0;25;0;0
6694,557143;0;17;0;0
6694,657143;0;12;0;0
6694,757143;0;14;0;0
6694,857143;0;12;0;0
6694,957143;0;13;0;0
6695,057143;0;14;0;0
6695,157143;0;6;0;0
6695,257143;0;6;0;0
6695,357143;0;4;0;0
6695,457143;0;6;0;0
6695,557143;0;5;0;0
6695,657143;0;3;0;0
6695,757143;0;7;0;0
6695,857143;0;7;0;0
6695,957143;0;2;0;0
6696,057143;0;4;0;0
6696,157143;0;4;0;0
6696,257143;0;2;0;0
6696,357143;0;1;0;0
6696,457143;0;1;0;0
6696,657143;0;2;0;0
6696,857143;0;1;0;0
6696,957143;0;1;0;0
6697,057143;0;1;0;0
6697,157143;0;1;0;0
6697,757143;0;1;0;0
6697,857143;0;1;0;0
6698,057143;0;1;0;0
6699,357143;0;1;0;0
6700,557143;0;1;0;0
7015,657143;2;0;0;0
7015,757143;2;0;0;0
7015,857143;1;0;0;0
7016,057143;4;0;0;0
7016,157143;1;0;0;0
7016,257143;2;0;0;0
7016,357143;3;0;0;0
7016,457143;6;0;0;0
7016,557143;2;0;0;0
7016,657143;9;0;0;0
7016,757143;8;0;0;0
7016,857143;5;0;0;0
7016,957143;5;0;0;0
7017,057143;6;0;0;0
7017,157143;7;0;0;0
7017,257143;16;0;0;0
7017,357143;8;0;0;0
7017,457143;10;0;0;0
7017,557143;13;0;0;0
7017,657143;12;0;0;0
7017,757143;11;0;0;0
7017,857143;10;0;0;0
7017,957143;13;0;0;0
7018,057143;9;0;0;0
7018,157143;8;0;0;0
7018,257143;20;0;0;0
7018,357143;12;0;0;0
7018,457143;8;0;0;0
7018,557143;14;0;0;0
7018,657143;6;0;0;0
7018,757143;12;0;0;0
7018,857143;10;0;0;0
7018,957143;5;0;0;0
7019,057143;14;0;0;0
7019,157143;11;0;0;0
7019,257143;10;0;0;0
7019,357143;10;0;0;0
7019,457143;12;0;0;0
7019,557143;13;0;0;0
7019,657143;5;0;0;0
7019,757143;3;0;0;0
7019,857143;10;0;0;0
7019,957143;6;0;0;0
7020,057143;4;0;0;0
7020,157143;7;0;0;0
7020,257143;5;0;0;0
7020,357143;4;0;0;0
7020,457143;4;0;0;0
7020,557143;2;0;0;0
7020,657143;1;0;0;0
7020,757143;1;0;0;0
7020,857143;3;0;0;0
7020,957143;8;0;0;0
7021,057143;2;0;0;0
7021,157143;4;0;0;0
7021,257143;2;0;0;0
7021,357143;3;0;0;0
7021,457143;8;0;0;0
7021,557143;5;0;0;0
7021,757143;4;0;0;0
7021,857143;1;0;0;0
7022,057143;2;0;0;0
7022,157143;4;0;0;0
7022,257143;1;0;0;0
7022,357143;1;0;0;0
7022,457143;1;0;0;0
7022,657143;1;0;0;0
7022,757143;1;0;0;0
7022,957143;1;0;0;0
7023,057143;3;0;0;0
7023,257143;1;0;0;0
7023,357143;1;0;0;0
7023,757143;2;0;0;0
7023,857143;1;0;0;0
7023,957143;3;0;0;0
7024,057143;4;0;0;0
7024,157143;3;0;0;0
7024,257143;1;0;0;0
7024,457143;1;0;0;0
7024,757143;2;0;0;0
7025,157143;1;0;0;0
7025,357143;1;0;0;0
7025,557143;2;0;0;0
7025,657143;1;0;0;0
7025,757143;1;0;0;0
7027,157143;1;0;0;0
7027,357143;1;0;0;0
7027,757143;1;0;0;0
7028,157143;1;0;0;0
7028,457143;1;0;0;0
7045,5;0;1;0;0
7045,6;0;1;0;0
7045,8;0;3;0;0
7045,9;0;3;0;0
7046;0;2;0;0
7046,1;0;2;0;0
7046,2;0;7;0;0
7046,3;0;4;0;0
7046,4;0;11;0;0
7046,5;0;10;0;0
7046,6;0;19;0;0
7046,7;0;22;0;0
7046,8;0;22;0;0
7046,9;0;39;0;0
7047;0;28;0;0
7047,1;0;41;0;0
7047,2;0;54;0;0
7047,3;0;67;0;0
7047,4;0;58;0;0
7047,5;0;70;0;0
7047,6;0;93;0;0
7047,7;0;82;0;0
7047,8;0;96;0;0
7047,9;0;90;0;0
7048;0;109;0;0
7048,1;0;113;0;0
7048,2;0;102;0;0
7048,3;0;129;0;0
7048,4;0;116;0;0
7048,5;0;152;0;0
7048,6;0;149;0;0
7048,7;0;138;0;0
7048,8;0;134;0;0
7048,9;0;157;0;0
7049;0;145;0;0
7049,1;0;142;0;0
7049,2;0;146;0;0
7049,3;0;143;0;0
7049,4;0;143;0;0
7049,5;0;156;0;0
7049,6;0;144;0;0
7049,7;0;127;0;0
7049,8;0;112;0;0
7049,9;0;129;0;0
7050;0;103;0;0
7050,1;0;127;0;0
7050,2;0;98;0;0
7050,3;0;78;0;0
7050,4;0;82;0;0
7050,5;0;68;0;0
7050,6;0;76;0;0
7050,7;0;70;0;0
7050,8;0;69;0;0
7050,9;0;55;0;0
7051;0;57;0;0
7051,1;0;45;0;0
7051,2;0;41;0;0
7051,3;0;41;0;0
7051,4;0;41;0;0
7051,5;0;24;0;0
7051,6;0;26;0;0
7051,7;0;25;0;0
7051,8;0;22;0;0
7051,9;0;13;0;0
7052;0;14;0;0
7052,1;0;14;0;0
7052,2;0;17;0;0
7052,3;0;6;0;0
7052,4;0;14;0;0
7052,5;0;6;0;0
7052,6;0;6;0;0
7052,7;0;8;0;0
7052,8;0;7;0;0
7052,9;0;4;0;0
7053;0;4;0;0
7053,2;0;3;0;0
7053,3;0;1;0;0
7053,4;0;2;0;0
7053,5;0;1;0;0
7053,7;0;3;0;0
7053,8;0;1;0;0
7053,9;0;2;0;0
7054;0;1;0;0
7054,1;0;1;0;0
7054,2;0;1;0;0
7054,3;0;1;0;0
7054,4;0;2;0;0
7054,5;0;1;0;0
7054,6;0;1;0;0
7054,7;0;1;0;0
7054,8;0;1;0;0
7055,1;0;2;0;0
7055,2;0;1;0;0
7055,3;0;1;0;0
7055,4;0;1;0;0
7057,3;0;1;0;0
7058,5;0;1;0;0
7059,3;0;1;0;0
7372,4;2;0;0;0
7372,5;2;0;0;0
7372,6;3;0;0;0
7372,7;2;0;0;0
7372,9;2;0;0;0
7373;4;0;0;0
7373,1;6;0;0;0
7373,2;1;0;0;0
7373,3;4;0;0;0
7373,4;3;0;0;0
7373,5;9;0;0;0
7373,6;8;0;0;0
7373,7;6;0;0;0
7373,8;11;0;0;0
7373,9;9;0;0;0
7374;10;0;0;0
7374,1;16;0;0;0
7374,2;11;0;0;0
7374,3;12;0;0;0
7374,4;9;0;0;0
7374,5;21;0;0;0
7374,6;14;0;0;0
7374,7;21;0;0;0
7374,8;23;0;0;0
7374,9;19;0;0;0
7375;32;0;0;0
7375,1;33;0;0;0
7375,2;18;0;0;0
7375,3;19;0;0;0
7375,4;21;0;0;0
7375,5;15;0;0;0
7375,6;13;0;0;0
7375,7;18;0;0;0
7375,8;28;0;0;0
7375,9;26;0;0;0
7376;24;0;0;0
7376,1;15;0;0;0
7376,2;16;0;0;0
7376,3;20;0;0;0
7376,4;22;0;0;0
7376,5;19;0;0;0
7376,6;22;0;0;0
7376,7;12;0;0;0
7376,8;15;0;0;0
7376,9;24;0;0;0
7377;19;0;0;0
7377,1;16;0;0;0
7377,2;10;0;0;0
7377,3;13;0;0;0
7377,4;12;0;0;0
7377,5;13;0;0;0
7377,6;11;0;0;0
7377,7;12;0;0;0
7377,8;13;0;0;0
7377,9;9;0;0;0
7378;7;0;0;0
7378,1;14;0;0;0
7378,2;6;0;0;0
7378,3;9;0;0;0
7378,4;6;0;0;0
7378,5;12;0;0;0
7378,6;11;0;0;0
7378,7;6;0;0;0
7378,8;9;0;0;0
7378,9;7;0;0;0
7379;9;0;0;0
7379,1;9;0;0;0
7379,2;10;0;0;0
7379,3;4;0;0;0
7379,4;8;0;0;0
7379,5;10;0;0;0
7379,6;5;0;0;0
7379,7;11;0;0;0
7379,8;15;0;0;0
7379,9;4;0;0;0
7380;2;0;0;0
7380,1;4;0;0;0
7380,2;11;0;0;0
7380,3;8;0;0;0
7380,4;1;0;0;0
7380,5;3;0;0;0
7380,6;8;0;0;0
7380,7;7;0;0;0
7380,8;8;0;0;0
7380,9;6;0;0;0
7381;14;0;0;0
7381,1;5;0;0;0
7381,2;5;0;0;0
7381,3;3;0;0;0
7381,4;3;0;0;0
7381,5;3;0;0;0
7381,6;4;0;0;0
7381,7;3;0;0;0
7381,8;1;0;0;0
7381,9;1;0;0;0
7382;6;0;0;0
7382,2;3;0;0;0
7382,3;2;0;0;0
7382,4;2;0;0;0
7382,5;2;0;0;0
7382,6;5;0;0;0
7382,7;1;0;0;0
7382,8;3;0;0;0
7382,9;1;0;0;0
7383,1;3;0;0;0
7383,2;1;0;0;0
7383,3;4;0;0;0
7383,5;1;0;0;0
7383,6;1;0;0;0
7383,7;1;0;0;0
7384,1;1;0;0;0
7384,7;3;0;0;0
7384,9;3;0;0;0
7402,542857;0;2;0;0
7402,642857;0;1;0;0
7402,742857;0;1;0;0
7402,842857;0;5;0;0
7402,942857;0;1;0;0
7403,042857;0;9;0;0
7403,142857;0;5;0;0
7403,242857;0;8;0;0
7403,342857;0;10;0;0
7403,442857;0;9;0;0
7403,542857;0;13;0;0
7403,642857;0;20;0;0
7403,742857;0;25;0;0
7403,842857;0;27;0;0
7403,942857;0;34;0;0
7404,042857;0;50;0;0
7404,142857;0;50;0;0
7404,242857;0;61;0;0
7404,342857;0;72;0;0
7404,442857;0;76;0;0
7404,542857;0;126;0;0
7404,642857;0;120;0;0
7404,742857;0;139;0;0
7404,842857;0;130;0;0
7404,942857;0;151;0;0
7405,042857;0;163;0;0
7405,142857;0;189;0;0
7405,242857;0;212;0;0
7405,342857;0;198;0;0
7405,442857;0;218;0;0
7405,542857;0;199;0;0
7405,642857;0;260;0;0
7405,742857;0;214;0;0
7405,842857;0;233;0;0
7405,942857;0;237;0;0
7406,042857;0;243;0;0
7406,142857;0;256;0;0
7406,242857;0;257;0;0
7406,342857;0;218;0;0
7406,442857;0;246;0;0
7406,542857;0;238;0;0
7406,642857;0;231;0;0
7406,742857;0;205;0;0
7406,842857;0;203;0;0
7406,942857;0;210;0;0
7407,042857;0;177;0;0
7407,142857;0;184;0;0
7407,242857;0;156;0;0
7407,342857;0;141;0;0
7407,442857;0;150;0;0
7407,542857;0;131;0;0
7407,642857;0;123;0;0
7407,742857;0;113;0;0
7407,842857;0;108;0;0
7407,942857;0;101;0;0
7408,042857;0;91;0;0
7408,142857;0;89;0;0
7408,242857;0;69;0;0
7408,342857;0;69;0;0
7408,442857;0;73;0;0
7408,542857;0;46;0;0
7408,642857;0;54;0;0
7408,742857;0;44;0;0
7408,842857;0;44;0;0
7408,942857;0;26;0;0
7409,042857;0;30;0;0
7409,142857;0;22;0;0
7409,242857;0;18;0;0
7409,342857;0;28;0;0
7409,442857;0;13;0;0
7409,542857;0;17;0;0
7409,642857;0;12;0;0
7409,742857;0;10;0;0
7409,842857;0;7;0;0
7409,942857;0;11;0;0
7410,042857;0;4;0;0
7410,142857;0;8;0;0
7410,242857;0;4;0;0
7410,342857;0;2;0;0
7410,442857;0;2;0;0
7410,542857;0;1;0;0
7410,642857;0;1;0;0
7410,742857;0;1;0;0
7410,842857;0;2;0;0
7410,942857;0;2;0;0
7411,042857;0;1;0;0
7411,142857;0;1;0;0
7411,242857;0;2;0;0
7411,342857;0;1;0;0
7411,442857;0;1;0;0
7411,642857;0;3;0;0
7411,742857;0;1;0;0
7411,842857;0;1;0;0
7412,442857;0;1;0;0
7412,542857;0;1;0;0
7412,842857;0;1;0;0
7413,042857;0;2;0;0
7413,342857;0;1;0;0
7413,542857;0;1;0;0
7414,242857;0;1;0;0
7415,342857;0;1;0;0
7415,742857;0;1;0;0
7416,142857;0;1;0;0
7417,742857;0;1;0;0
7418,142857;0;1;0;0
7420,242857;0;1;0;0
7729,442857;1;0;0;0
7729,742857;1;0;0;0
7729,842857;1;0;0;0
7729,942857;4;0;0;0
7730,042857;2;0;0;0
7730,242857;6;0;0;0
7730,342857;11;0;0;0
7730,442857;10;0;0;0
7730,542857;8;0;0;0
7730,642857;11;0;0;0
7730,742857;12;0;0;0
7730,842857;16;0;0;0
7730,942857;23;0;0;0
7731,042857;30;0;0;0
7731,142857;26;0;0;0
7731,242857;27;0;0;0
7731,342857;16;0;0;0
7731,442857;41;0;0;0
7731,542857;33;0;0;0
7731,642857;36;0;0;0
7731,742857;31;0;0;0
7731,842857;43;0;0;0
7731,942857;42;0;0;0
7732,042857;51;0;0;0
7732,142857;39;0;0;0
7732,242857;60;0;0;0
7732,342857;45;0;0;0
7732,442857;43;0;0;0
7732,542857;48;0;0;0
7732,642857;45;0;0;0
7732,742857;41;0;0;0
7732,842857;31;0;0;0
7732,942857;37;0;0;0
7733,042857;47;0;0;0
7733,142857;33;0;0;0
7733,242857;47;0;0;0
7733,342857;48;0;0;0
7733,442857;38;0;0;0
7733,542857;39;0;0;0
7733,642857;54;0;0;0
7733,742857;41;0;0;0
7733,842857;33;0;0;0
7733,942857;43;0;0;0
7734,042857;51;0;0;0
7734,142857;32;0;0;0
7734,242857;38;0;0;0
7734,342857;40;0;0;0
7734,442857;35;0;0;0
7734,542857;49;0;0;0
7734,642857;33;0;0;0
7734,742857;38;0;0;0
7734,842857;37;0;0;0
7734,942857;65;0;0;0
7735,042857;12;0;0;0
7735,142857;25;0;0;0
7735,242857;21;0;0;0
7735,342857;21;0;0;0
7735,442857;29;0;0;0
7735,542857;29;0;0;0
7735,642857;34;0;0;0
7735,742857;25;0;0;0
7735,842857;22;0;0;0
7735,942857;13;0;0;0
7736,042857;34;0;0;0
7736,142857;24;0;0;0
7736,242857;14;0;0;0
7736,342857;12;0;0;0
7736,442857;19;0;0;0
7736,542857;8;0;0;0
7736,642857;12;0;0;0
7736,742857;20;0;0;0
7736,842857;5;0;0;0
7736,942857;14;0;0;0
7737,042857;12;0;0;0
7737,142857;13;0;0;0
7737,242857;10;0;0;0
7737,342857;10;0;0;0
7737,442857;7;0;0;0
7737,542857;5;0;0;0
7737,642857;14;0;0;0
7737,742857;3;0;0;0
7737,842857;6;0;0;0
7737,942857;6;0;0;0
7738,042857;3;0;0;0
7738,142857;4;0;0;0
7738,242857;5;0;0;0
7738,342857;3;0;0;0
7738,442857;2;0;0;0
7738,542857;5;0;0;0
7738,642857;3;0;0;0
7738,742857;2;0;0;0
7738,942857;2;0;0;0
7739,042857;1;0;0;0
7739,142857;6;0;0;0
7739,242857;4;0;0;0
7739,342857;1;0;0;0
7739,742857;3;0;0;0
7739,842857;1;0;0;0
7740,042857;2;0;0;0
7740,142857;1;0;0;0
7740,242857;2;0;0;0
7740,542857;1;0;0;0
7740,742857;4;0;0;0
7740,942857;1;0;0;0
7741,042857;2;0;0;0
7741,142857;2;0;0;0
7741,342857;1;0;0;0
7741,642857;1;0;0;0
7741,742857;3;0;0;0
7742,342857;1;0;0;0
7742,542857;1;0;0;0
7742,642857;3;0;0;0
7742,842857;1;0;0;0
7743,742857;1;0;0;0
7759,785714;0;2;0;0
7759,885714;0;4;0;0
7759,985714;0;1;0;0
7760,085714;0;3;0;0
7760,185714;0;3;0;0
7760,285714;0;8;0;0
7760,385714;0;10;0;0
7760,485714;0;12;0;0
7760,585714;0;13;0;0
7760,685714;0;15;0;0
7760,785714;0;34;0;0
7760,885714;0;37;0;0
7760,985714;0;49;0;0
7761,085714;0;52;0;0
7761,185714;0;69;0;0
7761,285714;0;65;0;0
7761,385714;0;83;0;0
7761,485714;0;92;0;0
7761,585714;0;107;0;0
7761,685714;0;141;0;0
7761,785714;0;151;0;0
7761,885714;0;170;0;0
7761,985714;0;187;0;0
7762,085714;0;194;0;0
7762,185714;0;220;0;0
7762,285714;0;273;0;0
7762,385714;0;234;0;0
7762,485714;0;285;0;0
7762,585714;0;290;0;0
7762,685714;0;295;0;0
7762,785714;0;315;0;0
7762,885714;0;322;0;0
7762,985714;0;285;0;0
7763,085714;0;325;0;0
7763,185714;0;311;0;0
7763,285714;0;281;0;0
7763,385714;0;318;0;0
7763,485714;0;315;0;0
7763,585714;0;315;0;0
7763,685714;0;303;0;0
7763,785714;0;295;0;0
7763,885714;0;296;0;0
7763,985714;0;275;0;0
7764,085714;0;273;0;0
7764,185714;0;262;0;0
7764,285714;0;247;0;0
7764,385714;0;209;0;0
7764,485714;0;195;0;0
7764,585714;0;196;0;0
7764,685714;0;169;0;0
7764,785714;0;181;0;0
7764,885714;0;159;0;0
7764,985714;0;149;0;0
7765,085714;0;127;0;0
7765,185714;0;126;0;0
7765,285714;0;103;0;0
7765,385714;0;95;0;0
7765,485714;0;87;0;0
7765,585714;0;74;0;0
7765,685714;0;80;0;0
7765,785714;0;79;0;0
7765,885714;0;52;0;0
7765,985714;0;54;0;0
7766,085714;0;52;0;0
7766,185714;0;44;0;0
7766,285714;0;26;0;0
7766,385714;0;33;0;0
7766,485714;0;26;0;0
7766,585714;0;18;0;0
7766,685714;0;19;0;0
7766,785714;0;18;0;0
7766,885714;0;19;0;0
7766,985714;0;11;0;0
7767,085714;0;9;0;0
7767,185714;0;10;0;0
7767,285714;0;7;0;0
7767,385714;0;4;0;0
7767,485714;0;6;0;0
7767,585714;0;1;0;0
7767,685714;0;2;0;0
7767,785714;0;4;0;0
7767,885714;0;1;0;0
7767,985714;0;3;0;0
7768,085714;0;3;0;0
7768,285714;0;4;0;0
7768,385714;0;3;0;0
7768,485714;0;2;0;0
7768,585714;0;2;0;0
7768,685714;0;2;0;0
7768,785714;0;1;0;0
7768,885714;0;3;0;0
7768,985714;0;1;0;0
7769,185714;0;1;0;0
7769,285714;0;1;0;0
7769,585714;0;2;0;0
7769,985714;0;2;0;0
7770,085714;0;1;0;0
7772,285714;0;1;0;0
7775,785714;0;1;0;0
7776,485714;0;1;0;0
7779,285714;0;1;0;0
8086,385714;1;0;0;0
8086,485714;1;0;0;0
8086,885714;1;0;0;0
8086,985714;5;0;0;0
8087,085714;3;0;0;0
8087,185714;5;0;0;0
8087,285714;10;0;0;0
8087,385714;4;0;0;0
8087,485714;11;0;0;0
8087,585714;13;0;0;0
8087,685714;10;0;0;0
8087,785714;29;0;0;0
8087,885714;19;0;0;0
8087,985714;26;0;0;0
8088,085714;31;0;0;0
8088,185714;35;0;0;0
8088,285714;39;0;0;0
8088,385714;38;0;0;0
8088,485714;43;0;0;0
8088,585714;45;0;0;0
8088,685714;59;0;0;0
8088,785714;54;0;0;0
8088,885714;59;0;0;0
8088,985714;64;0;0;0
8089,085714;68;0;0;0
8089,185714;63;0;0;0
8089,285714;54;0;0;0
8089,385714;53;0;0;0
8089,485714;56;0;0;0
8089,585714;66;0;0;0
8089,685714;81;0;0;0
8089,785714;67;0;0;0
8089,885714;72;0;0;0
8089,985714;56;0;0;0
8090,085714;66;0;0;0
8090,185714;61;0;0;0
8090,285714;78;0;0;0
8090,385714;58;0;0;0
8090,485714;55;0;0;0
8090,585714;57;0;0;0
8090,685714;58;0;0;0
8090,785714;61;0;0;0
8090,885714;54;0;0;0
8090,985714;48;0;0;0
8091,085714;58;0;0;0
8091,185714;74;0;0;0
8091,285714;52;0;0;0
8091,385714;44;0;0;0
8091,485714;63;0;0;0
8091,585714;43;0;0;0
8091,685714;67;0;0;0
8091,785714;49;0;0;0
8091,885714;41;0;0;0
8091,985714;29;0;0;0
8092,085714;37;0;0;0
8092,185714;43;0;0;0
8092,285714;46;0;0;0
8092,385714;37;0;0;0
8092,485714;22;0;0;0
8092,585714;27;0;0;0
8092,685714;33;0;0;0
8092,785714;21;0;0;0
8092,885714;30;0;0;0
8092,985714;22;0;0;0
8093,085714;35;0;0;0
8093,185714;23;0;0;0
8093,285714;22;0;0;0
8093,385714;18;0;0;0
8093,485714;33;0;0;0
8093,585714;16;0;0;0
8093,685714;17;0;0;0
8093,785714;19;0;0;0
8093,885714;16;0;0;0
8093,985714;34;0;0;0
8094,085714;12;0;0;0
8094,185714;6;0;0;0
8094,285714;11;0;0;0
8094,385714;17;0;0;0
8094,485714;14;0;0;0
8094,585714;13;0;0;0
8094,685714;11;0;0;0
8094,785714;7;0;0;0
8094,885714;13;0;0;0
8094,985714;6;0;0;0
8095,085714;9;0;0;0
8095,185714;12;0;0;0
8095,285714;14;0;0;0
8095,385714;10;0;0;0
8095,485714;4;0;0;0
8095,585714;5;0;0;0
8095,685714;14;0;0;0
8095,785714;13;0;0;0
8095,885714;10;0;0;0
8095,985714;8;0;0;0
8096,085714;3;0;0;0
8096,185714;5;0;0;0
8096,285714;6;0;0;0
8096,385714;4;0;0;0
8096,485714;6;0;0;0
8096,585714;2;0;0;0
8096,685714;3;0;0;0
8096,785714;2;0;0;0
8096,885714;6;0;0;0
8096,985714;3;0;0;0
8097,085714;2;0;0;0
8097,285714;1;0;0;0
8097,385714;4;0;0;0
8097,485714;5;0;0;0
8097,585714;2;0;0;0
8097,685714;2;0;0;0
8097,785714;5;0;0;0
8098,185714;1;0;0;0
8098,285714;2;0;0;0
8098,385714;1;0;0;0
8098,685714;1;0;0;0
8099,585714;1;0;0;0
8099,685714;3;0;0;0
8099,785714;1;0;0;0
8101,085714;1;0;0;0
8102,085714;1;0;0;0
8116,728571;0;1;0;0
8117,028571;0;3;0;0
8117,128571;0;2;0;0
8117,228571;0;3;0;0
8117,328571;0;3;0;0
8117,428571;0;8;0;0
8117,528571;0;14;0;0
8117,628571;0;12;0;0
8117,728571;0;18;0;0
8117,828571;0;20;0;0
8117,928571;0;31;0;0
8118,028571;0;35;0;0
8118,128571;0;41;0;0
8118,228571;0;50;0;0
8118,328571;0;54;0;0
8118,428571;0;71;0;0
8118,528571;0;84;0;0
8118,628571;0;92;0;0
8118,728571;0;108;0;0
8118,828571;0;138;0;0
8118,928571;0;132;0;0
8119,028571;0;175;0;0
8119,128571;0;149;0;0
8119,228571;0;206;0;0
8119,328571;0;220;0;0
8119,428571;0;200;0;0
8119,528571;0;269;0;0
8119,628571;0;255;0;0
8119,728571;0;256;0;0
8119,828571;0;289;0;0
8119,928571;0;298;0;0
8120,028571;0;288;0;0
8120,128571;0;266;0;0
8120,228571;0;305;0;0
8120,328571;0;271;0;0
8120,428571;0;310;0;0
8120,528571;0;286;0;0
8120,628571;0;287;0;0
8120,728571;0;267;0;0
8120,828571;0;285;0;0
8120,928571;0;290;0;0
8121,028571;0;257;0;0
8121,128571;0;289;0;0
8121,228571;0;233;0;0
8121,328571;0;251;0;0
8121,428571;0;208;0;0
8121,528571;0;212;0;0
8121,628571;0;210;0;0
8121,728571;0;179;0;0
8121,828571;0;181;0;0
8121,928571;0;171;0;0
8122,028571;0;150;0;0
8122,128571;0;147;0;0
8122,228571;0;113;0;0
8122,328571;0;120;0;0
8122,428571;0;109;0;0
8122,528571;0;91;0;0
8122,628571;0;74;0;0
8122,728571;0;73;0;0
8122,828571;0;60;0;0
8122,928571;0;65;0;0
8123,028571;0;59;0;0
8123,128571;0;41;0;0
8123,228571;0;42;0;0
8123,328571;0;33;0;0
8123,428571;0;26;0;0
8123,528571;0;29;0;0
8123,628571;0;27;0;0
8123,728571;0;28;0;0
8123,828571;0;25;0;0
8123,928571;0;14;0;0
8124,028571;0;16;0;0
8124,128571;0;12;0;0
8124,228571;0;9;0;0
8124,328571;0;7;0;0
8124,428571;0;10;0;0
8124,528571;0;5;0;0
8124,628571;0;8;0;0
8124,728571;0;3;0;0
8124,828571;0;3;0;0
8124,928571;0;3;0;0
8125,028571;0;4;0;0
8125,128571;0;3;0;0
8125,228571;0;3;0;0
8125,328571;0;2;0;0
8125,428571;0;1;0;0
8125,528571;0;5;0;0
8125,628571;0;3;0;0
8125,728571;0;1;0;0
8125,828571;0;1;0;0
8125,928571;0;1;0;0
8126,028571;0;1;0;0
8126,328571;0;2;0;0
8126,428571;0;1;0;0
8126,528571;0;1;0;0
8126,728571;0;2;0;0
8127,028571;0;2;0;0
8127,128571;0;2;0;0
8127,328571;0;1;0;0
8127,728571;0;1;0;0
8129,728571;0;1;0;0
8130,528571;0;1;0;0
8132,828571;0;1;0;0
8135,828571;0;1;0;0
8137,528571;0;1;0;0
8443,828571;3;0;0;0
8443,928571;2;0;0;0
8444,028571;1;0;0;0
8444,128571;1;0;0;0
8444,228571;2;0;0;0
8444,328571;13;0;0;0
8444,428571;12;0;0;0
8444,528571;11;0;0;0
8444,628571;14;0;0;0
8444,728571;27;0;0;0
8444,828571;29;0;0;0
8444,928571;25;0;0;0
8445,028571;31;0;0;0
8445,128571;32;0;0;0
8445,228571;52;0;0;0
8445,328571;44;0;0;0
8445,428571;58;0;0;0
8445,528571;49;0;0;0
8445,628571;66;0;0;0
8445,728571;63;0;0;0
8445,828571;76;0;0;0
8445,928571;86;0;0;0
8446,028571;62;0;0;0
8446,128571;101;0;0;0
8446,228571;78;0;0;0
8446,328571;107;0;0;0
8446,428571;92;0;0;0
8446,528571;115;0;0;0
8446,628571;83;0;0;0
8446,728571;94;0;0;0
8446,828571;112;0;0;0
8446,928571;97;0;0;0
8447,028571;90;0;0;0
8447,128571;92;0;0;0
8447,228571;129;0;0;0
8447,328571;125;0;0;0
8447,428571;110;0;0;0
8447,528571;92;0;0;0
8447,628571;97;0;0;0
8447,728571;113;0;0;0
8447,828571;100;0;0;0
8447,928571;89;0;0;0
8448,028571;103;0;0;0
8448,128571;103;0;0;0
8448,228571;96;0;0;0
8448,328571;101;0;0;0
8448,428571;75;0;0;0
8448,528571;99;0;0;0
8448,628571;89;0;0;0
8448,728571;105;0;0;0
8448,828571;79;0;0;0
8448,928571;86;0;0;0
8449,028571;63;0;0;0
8449,128571;74;0;0;0
8449,228571;73;0;0;0
8449,328571;83;0;0;0
8449,428571;93;0;0;0
8449,528571;100;0;0;0
8449,628571;64;0;0;0
8449,728571;56;0;0;0
8449,828571;69;0;0;0
8449,928571;72;0;0;0
8450,028571;73;0;0;0
8450,128571;82;0;0;0
8450,228571;48;0;0;0
8450,328571;67;0;0;0
8450,428571;77;0;0;0
8450,528571;44;0;0;0
8450,628571;47;0;0;0
8450,728571;55;0;0;0
8450,828571;35;0;0;0
8450,928571;58;0;0;0
8451,028571;53;0;0;0
8451,128571;63;0;0;0
8451,228571;43;0;0;0
8451,328571;35;0;0;0
8451,428571;28;0;0;0
8451,528571;35;0;0;0
8451,628571;41;0;0;0
8451,728571;25;0;0;0
8451,828571;25;0;0;0
8451,928571;13;0;0;0
8452,028571;41;0;0;0
8452,128571;28;0;0;0
8452,228571;12;0;0;0
8452,328571;23;0;0;0
8452,428571;19;0;0;0
8452,528571;24;0;0;0
8452,628571;17;0;0;0
8452,728571;10;0;0;0
8452,828571;14;0;0;0
8452,928571;8;0;0;0
8453,028571;11;0;0;0
8453,128571;18;0;0;0
8453,228571;2;0;0;0
8453,328571;17;0;0;0
8453,428571;11;0;0;0
8453,528571;8;0;0;0
8453,628571;4;0;0;0
8453,728571;7;0;0;0
8453,828571;9;0;0;0
8453,928571;10;0;0;0
8454,028571;7;0;0;0
8454,128571;14;0;0;0
8454,228571;15;0;0;0
8454,328571;4;0;0;0
8454,428571;2;0;0;0
8454,528571;1;0;0;0
8454,628571;4;0;0;0
8454,728571;5;0;0;0
8454,828571;1;0;0;0
8454,928571;3;0;0;0
8455,028571;3;0;0;0
8455,128571;3;0;0;0
8455,228571;3;0;0;0
8455,328571;2;0;0;0
8455,428571;6;0;0;0
8455,528571;1;0;0;0
8455,628571;5;0;0;0
8455,828571;2;0;0;0
8455,928571;2;0;0;0
8456,028571;4;0;0;0
8456,128571;5;0;0;0
8456,228571;1;0;0;0
8456,428571;5;0;0;0
8456,528571;3;0;0;0
8456,628571;2;0;0;0
8456,728571;1;0;0;0
8457,328571;3;0;0;0
8457,728571;2;0;0;0
8458,328571;1;0;0;0
8459,028571;1;0;0;0
8459,128571;1;0;0;0
8459,228571;1;0;0;0
8459,628571;1;0;0;0
8459,728571;1;0;0;0
8460,528571;2;0;0;0
8460,728571;1;0;0;0
8461,028571;1;0;0;0
8474,171429;0;2;0;0
8474,371429;0;1;0;0
8474,471429;0;1;0;0
8474,571429;0;3;0;0
8474,671429;0;1;0;0
8474,771429;0;2;0;0
8474,871429;0;7;0;0
8474,971429;0;10;0;0
8475,071429;0;12;0;0
8475,171429;0;11;0;0
8475,271429;0;17;0;0
8475,371429;0;15;0;0
8475,471429;0;30;0;0
8475,571429;0;25;0;0
8475,671429;0;35;0;0
8475,771429;0;28;0;0
8475,871429;0;45;0;0
8475,971429;0;53;0;0
8476,071429;0;50;0;0
8476,171429;0;65;0;0
8476,271429;0;64;0;0
8476,371429;0;85;0;0
8476,471429;0;81;0;0
8476,571429;0;92;0;0
8476,671429;0;92;0;0
8476,771429;0;107;0;0
8476,871429;0;87;0;0
8476,971429;0;101;0;0
8477,071429;0;109;0;0
8477,171429;0;101;0;0
8477,271429;0;115;0;0
8477,371429;0;109;0;0
8477,471429;0;116;0;0
8477,571429;0;107;0;0
8477,671429;0;130;0;0
8477,771429;0;113;0;0
8477,871429;0;122;0;0
8477,971429;0;88;0;0
8478,071429;0;105;0;0
8478,171429;0;95;0;0
8478,271429;0;89;0;0
8478,371429;0;90;0;0
8478,471429;0;95;0;0
8478,571429;0;74;0;0
8478,671429;0;88;0;0
8478,771429;0;83;0;0
8478,871429;0;68;0;0
8478,971429;0;73;0;0
8479,071429;0;62;0;0
8479,171429;0;55;0;0
8479,271429;0;37;0;0
8479,371429;0;59;0;0
8479,471429;0;40;0;0
8479,571429;0;50;0;0
8479,671429;0;22;0;0
8479,771429;0;38;0;0
8479,871429;0;29;0;0
8479,971429;0;21;0;0
8480,071429;0;21;0;0
8480,171429;0;29;0;0
8480,271429;0;13;0;0
8480,371429;0;25;0;0
8480,471429;0;15;0;0
8480,571429;0;7;0;0
8480,671429;0;14;0;0
8480,771429;0;10;0;0
8480,871429;0;9;0;0
8480,971429;0;7;0;0
8481,071429;0;10;0;0
8481,171429;0;4;0;0
8481,271429;0;6;0;0
8481,371429;0;4;0;0
8481,471429;0;3;0;0
8481,571429;0;4;0;0
8481,671429;0;2;0;0
8481,771429;0;1;0;0
8481,871429;0;3;0;0
8481,971429;0;3;0;0
8482,071429;0;4;0;0
8482,171429;0;3;0;0
8482,271429;0;1;0;0
8482,371429;0;1;0;0
8482,471429;0;2;0;0
8482,671429;0;1;0;0
8482,771429;0;1;0;0
8482,871429;0;1;0;0
8483,871429;0;2;0;0
8484,171429;0;1;0;0
8484,271429;0;1;0;0
8485,071429;0;1;0;0
8487,171429;0;1;0;0
8800,671429;1;0;0;0
8800,971429;2;0;0;0
8801,071429;2;0;0;0
8801,171429;2;0;0;0
8801,271429;5;0;0;0
8801,371429;9;0;0;0
8801,471429;13;0;0;0
8801,571429;13;0;0;0
8801,671429;23;0;0;0
8801,771429;28;0;0;0
8801,871429;23;0;0;0
8801,971429;33;0;0;0
8802,071429;42;0;0;0
8802,171429;46;0;0;0
8802,271429;50;0;0;0
8802,371429;70;0;0;0
8802,471429;67;0;0;0
8802,571429;75;0;0;0
8802,671429;78;0;0;0
8802,771429;88;0;0;0
8802,871429;113;0;0;0
8802,971429;105;0;0;0
8803,071429;97;0;0;0
8803,171429;120;0;0;0
8803,271429;91;0;0;0
8803,371429;142;0;0;0
8803,471429;123;0;0;0
8803,571429;128;0;0;0
8803,671429;141;0;0;0
8803,771429;138;0;0;0
8803,871429;154;0;0;0
8803,971429;107;0;0;0
8804,071429;155;0;0;0
8804,171429;142;0;0;0
8804,271429;143;0;0;0
8804,371429;154;0;0;0
8804,471429;136;0;0;0
8804,571429;150;0;0;0
8804,671429;143;0;0;0
8804,771429;161;0;0;0
8804,871429;156;0;0;0
8804,971429;150;0;0;0
8805,071429;151;0;0;0
8805,171429;167;0;0;0
8805,271429;130;0;0;0
8805,371429;143;0;0;0
8805,471429;137;0;0;0
8805,571429;131;0;0;0
8805,671429;148;0;0;0
8805,771429;108;0;0;0
8805,871429;145;0;0;0
8805,971429;101;0;0;0
8806,071429;132;0;0;0
8806,171429;116;0;0;0
8806,271429;124;0;0;0
8806,371429;115;0;0;0
8806,471429;113;0;0;0
8806,571429;127;0;0;0
8806,671429;127;0;0;0
8806,771429;86;0;0;0
8806,871429;98;0;0;0
8806,971429;104;0;0;0
8807,071429;95;0;0;0
8807,171429;92;0;0;0
8807,271429;87;0;0;0
8807,371429;79;0;0;0
8807,471429;74;0;0;0
8807,571429;85;0;0;0
8807,671429;68;0;0;0
8807,771429;77;0;0;0
8807,871429;83;0;0;0
8807,971429;74;0;0;0
8808,071429;71;0;0;0
8808,171429;66;0;0;0
8808,271429;67;0;0;0
8808,371429;63;0;0;0
8808,471429;52;0;0;0
8808,571429;62;0;0;0
8808,671429;52;0;0;0
8808,771429;50;0;0;0
8808,871429;63;0;0;0
8808,971429;50;0;0;0
8809,071429;35;0;0;0
8809,171429;41;0;0;0
8809,271429;44;0;0;0
8809,371429;49;0;0;0
8809,471429;46;0;0;0
8809,571429;39;0;0;0
8809,671429;36;0;0;0
8809,771429;34;0;0;0
8809,871429;26;0;0;0
8809,971429;31;0;0;0
8810,071429;27;0;0;0
8810,171429;35;0;0;0
8810,271429;18;0;0;0
8810,371429;17;0;0;0
8810,471429;19;0;0;0
8810,571429;19;0;0;0
8810,671429;21;0;0;0
8810,771429;18;0;0;0
8810,871429;26;0;0;0
8810,971429;14;0;0;0
8811,071429;13;0;0;0
8811,171429;13;0;0;0
8811,271429;20;0;0;0
8811,371429;11;0;0;0
8811,471429;17;0;0;0
8811,571429;8;0;0;0
8811,671429;13;0;0;0
8811,771429;8;0;0;0
8811,871429;5;0;0;0
8811,971429;5;0;0;0
8812,071429;7;0;0;0
8812,171429;6;0;0;0
8812,271429;19;0;0;0
8812,371429;8;0;0;0
8812,471429;6;0;0;0
8812,571429;9;0;0;0
8812,671429;11;0;0;0
8812,771429;10;0;0;0
8812,871429;9;0;0;0
8812,971429;4;0;0;0
8813,071429;4;0;0;0
8813,171429;5;0;0;0
8813,271429;2;0;0;0
8813,371429;1;0;0;0
8813,471429;3;0;0;0
8813,571429;7;0;0;0
8813,671429;1;0;0;0
8813,771429;2;0;0;0
8813,871429;2;0;0;0
8813,971429;4;0;0;0
8814,071429;5;0;0;0
8814,171429;1;0;0;0
8814,271429;3;0;0;0
8814,371429;2;0;0;0
8814,571429;3;0;0;0
8814,971429;1;0;0;0
8815,271429;3;0;0;0
8815,471429;2;0;0;0
8815,571429;2;0;0;0
8815,871429;1;0;0;0
8816,071429;1;0;0;0
8816,171429;1;0;0;0
8817,171429;1;0;0;0
8831,114286;0;1;0;0
8831,614286;0;1;0;0
8831,714286;0;1;0;0
8831,814286;0;1;0;0
8831,914286;0;2;0;0
8832,014286;0;5;0;0
8832,114286;0;3;0;0
8832,214286;0;7;0;0
8832,314286;0;6;0;0
8832,414286;0;8;0;0
8832,514286;0;12;0;0
8832,614286;0;7;0;0
8832,714286;0;11;0;0
8832,814286;0;18;0;0
8832,914286;0;17;0;0
8833,014286;0;22;0;0
8833,114286;0;20;0;0
8833,214286;0;33;0;0
8833,314286;0;22;0;0
8833,414286;0;38;0;0
8833,514286;0;44;0;0
8833,614286;0;35;0;0
8833,714286;0;47;0;0
8833,814286;0;36;0;0
8833,914286;0;57;0;0
8834,014286;0;41;0;0
8834,114286;0;63;0;0
8834,214286;0;54;0;0
8834,314286;0;59;0;0
8834,414286;0;66;0;0
8834,514286;0;56;0;0
8834,614286;0;53;0;0
8834,714286;0;53;0;0
8834,814286;0;72;0;0
8834,914286;0;73;0;0
8835,014286;0;55;0;0
8835,114286;0;59;0;0
8835,214286;0;63;0;0
8835,314286;0;51;0;0
8835,414286;0;59;0;0
8835,514286;0;50;0;0
8835,614286;0;56;0;0
8835,714286;0;43;0;0
8835,814286;0;50;0;0
8835,914286;0;45;0;0
8836,014286;0;48;0;0
8836,114286;0;46;0;0
8836,214286;0;32;0;0
8836,314286;0;31;0;0
8836,414286;0;26;0;0
8836,514286;0;30;0;0
8836,614286;0;19;0;0
8836,714286;0;23;0;0
8836,814286;0;21;0;0
8836,914286;0;13;0;0
8837,014286;0;19;0;0
8837,114286;0;17;0;0
8837,214286;0;12;0;0
8837,314286;0;10;0;0
8837,414286;0;13;0;0
8837,514286;0;4;0;0
8837,614286;0;12;0;0
8837,714286;0;6;0;0
8837,814286;0;7;0;0
8837,914286;0;8;0;0
8838,014286;0;6;0;0
8838,114286;0;1;0;0
8838,214286;0;1;0;0
8838,314286;0;2;0;0
8838,414286;0;4;0;0
8838,514286;0;4;0;0
8838,614286;0;3;0;0
8838,714286;0;1;0;0
8838,814286;0;5;0;0
8839,014286;0;3;0;0
8839,114286;0;1;0;0
8839,214286;0;1;0;0
8839,314286;0;1;0;0
8839,514286;0;1;0;0
8839,614286;0;1;0;0
8839,814286;0;1;0;0
8840,214286;0;1;0;0
8841,314286;0;1;0;0
9158,114286;2;0;0;0
9158,214286;1;0;0;0
9158,314286;8;0;0;0
9158,414286;10;0;0;0
9158,514286;7;0;0;0
9158,614286;7;0;0;0
9158,714286;11;0;0;0
9158,814286;15;0;0;0
9158,914286;17;0;0;0
9159,014286;27;0;0;0
9159,114286;38;0;0;0
9159,214286;38;0;0;0
9159,314286;50;0;0;0
9159,414286;44;0;0;0
9159,514286;58;0;0;0
9159,614286;65;0;0;0
9159,714286;82;0;0;0
9159,814286;70;0;0;0
9159,914286;101;0;0;0
9160,014286;93;0;0;0
9160,114286;115;0;0;0
9160,214286;94;0;0;0
9160,314286;146;0;0;0
9160,414286;99;0;0;0
9160,514286;118;0;0;0
9160,614286;148;0;0;0
9160,714286;132;0;0;0
9160,814286;119;0;0;0
9160,914286;156;0;0;0
9161,014286;131;0;0;0
9161,114286;140;0;0;0
9161,214286;161;0;0;0
9161,314286;155;0;0;0
9161,414286;184;0;0;0
9161,514286;198;0;0;0
9161,614286;192;0;0;0
9161,714286;157;0;0;0
9161,814286;199;0;0;0
9161,914286;184;0;0;0
9162,014286;153;0;0;0
9162,114286;172;0;0;0
9162,214286;181;0;0;0
9162,314286;173;0;0;0
9162,414286;174;0;0;0
9162,514286;195;0;0;0
9162,614286;170;0;0;0
9162,714286;152;0;0;0
9162,814286;158;0;0;0
9162,914286;212;0;0;0
9163,014286;195;0;0;0
9163,114286;184;0;0;0
9163,214286;145;0;0;0
9163,314286;174;0;0;0
9163,414286;196;0;0;0
9163,514286;183;0;0;0
9163,614286;177;0;0;0
9163,714286;142;0;0;0
9163,814286;162;0;0;0
9163,914286;154;0;0;0
9164,014286;164;0;0;0
9164,114286;133;0;0;0
9164,214286;147;0;0;0
9164,314286;137;0;0;0
9164,414286;120;0;0;0
9164,514286;146;0;0;0
9164,614286;157;0;0;0
9164,714286;135;0;0;0
9164,814286;113;0;0;0
9164,914286;124;0;0;0
9165,014286;113;0;0;0
9165,114286;136;0;0;0
9165,214286;97;0;0;0
9165,314286;101;0;0;0
9165,414286;91;0;0;0
9165,514286;74;0;0;0
9165,614286;158;0;0;0
9165,714286;97;0;0;0
9165,814286;105;0;0;0
9165,914286;67;0;0;0
9166,014286;96;0;0;0
9166,114286;78;0;0;0
9166,214286;63;0;0;0
9166,314286;67;0;0;0
9166,414286;57;0;0;0
9166,514286;81;0;0;0
9166,614286;61;0;0;0
9166,714286;59;0;0;0
9166,814286;72;0;0;0
9166,914286;85;0;0;0
9167,014286;71;0;0;0
9167,114286;50;0;0;0
9167,214286;52;0;0;0
9167,314286;64;0;0;0
9167,414286;53;0;0;0
9167,514286;32;0;0;0
9167,614286;35;0;0;0
9167,714286;37;0;0;0
9167,814286;45;0;0;0
9167,914286;35;0;0;0
9168,014286;27;0;0;0
9168,114286;59;0;0;0
9168,214286;31;0;0;0
9168,314286;41;0;0;0
9168,414286;16;0;0;0
9168,514286;55;0;0;0
9168,614286;14;0;0;0
9168,714286;26;0;0;0
9168,814286;17;0;0;0
9168,914286;37;0;0;0
9169,014286;12;0;0;0
9169,114286;18;0;0;0
9169,214286;17;0;0;0
9169,314286;18;0;0;0
9169,414286;54;0;0;0
9169,514286;36;0;0;0
9169,614286;6;0;0;0
9169,714286;11;0;0;0
9169,814286;12;0;0;0
9169,914286;24;0;0;0
9170,014286;36;0;0;0
9170,114286;14;0;0;0
9170,214286;39;0;0;0
9170,314286;3;0;0;0
9170,414286;1;0;0;0
9170,514286;2;0;0;0
9170,614286;2;0;0;0
9170,714286;23;0;0;0
9170,814286;2;0;0;0
9170,914286;2;0;0;0
9171,014286;4;0;0;0
9171,114286;11;0;0;0
9171,214286;2;0;0;0
9171,314286;14;0;0;0
9171,414286;1;0;0;0
9171,514286;2;0;0;0
9171,614286;1;0;0;0
9171,714286;3;0;0;0
9171,814286;2;0;0;0
9171,914286;2;0;0;0
9172,014286;2;0;0;0
9172,314286;5;0;0;0
9172,414286;3;0;0;0
9172,914286;9;0;0;0
9188,257143;0;1;0;0
9188,857143;0;1;0;0
9189,057143;0;1;0;0
9189,157143;0;1;0;0
9189,257143;0;2;0;0
9189,357143;0;4;0;0
9189,457143;0;3;0;0
9189,557143;0;4;0;0
9189,657143;0;7;0;0
9189,757143;0;12;0;0
9189,857143;0;5;0;0
9189,957143;0;12;0;0
9190,057143;0;7;0;0
9190,157143;0;11;0;0
9190,257143;0;16;0;0
9190,357143;0;6;0;0
9190,457143;0;13;0;0
9190,557143;0;11;0;0
9190,657143;0;18;0;0
9190,757143;0;15;0;0
9190,857143;0;18;0;0
9190,957143;0;26;0;0
9191,057143;0;25;0;0
9191,157143;0;23;0;0
9191,257143;0;24;0;0
9191,357143;0;23;0;0
9191,457143;0;35;0;0
9191,557143;0;28;0;0
9191,657143;0;31;0;0
9191,757143;0;28;0;0
9191,857143;0;29;0;0
9191,957143;0;27;0;0
9192,057143;0;32;0;0
9192,157143;0;30;0;0
9192,257143;0;47;0;0
9192,357143;0;34;0;0
9192,457143;0;27;0;0
9192,557143;0;16;0;0
9192,657143;0;22;0;0
9192,757143;0;22;0;0
9192,857143;0;27;0;0
9192,957143;0;21;0;0
9193,057143;0;23;0;0
9193,157143;0;18;0;0
9193,257143;0;14;0;0
9193,357143;0;13;0;0
9193,457143;0;12;0;0
9193,557143;0;21;0;0
9193,657143;0;13;0;0
9193,757143;0;16;0;0
9193,857143;0;7;0;0
9193,957143;0;10;0;0
9194,057143;0;11;0;0
9194,157143;0;5;0;0
9194,257143;0;8;0;0
9194,357143;0;7;0;0
9194,457143;0;6;0;0
9194,557143;0;2;0;0
9194,657143;0;6;0;0
9194,757143;0;3;0;0
9194,857143;0;1;0;0
9194,957143;0;3;0;0
9195,057143;0;4;0;0
9195,157143;0;2;0;0
9195,257143;0;1;0;0
9195,357143;0;4;0;0
9195,457143;0;3;0;0
9195,657143;0;1;0;0
9195,857143;0;1;0;0
9515,157143;2;0;0;0
9515,257143;3;0;0;0
9515,457143;2;0;0;0
9515,557143;5;0;0;0
9515,657143;5;0;0;0
9515,757143;14;0;0;0
9515,857143;12;0;0;0
9515,957143;16;0;0;0
9516,057143;16;0;0;0
9516,157143;24;0;0;0
9516,257143;29;0;0;0
9516,357143;37;0;0;0
9516,457143;35;0;0;0
9516,557143;44;0;0;0
9516,657143;46;0;0;0
9516,757143;60;0;0;0
9516,857143;73;0;0;0
9516,957143;88;0;0;0
9517,057143;88;0;0;0
9517,157143;82;0;0;0
9517,257143;98;0;0;0
9517,357143;91;0;0;0
9517,457143;81;0;0;0
9517,557143;110;0;0;0
9517,657143;121;0;0;0
9517,757143;107;0;0;0
9517,857143;124;0;0;0
9517,957143;143;0;0;0
9518,057143;160;0;0;0
9518,157143;141;0;0;0
9518,257143;172;0;0;0
9518,357143;174;0;0;0
9518,457143;147;0;0;0
9518,557143;184;0;0;0
9518,657143;166;0;0;0
9518,757143;147;0;0;0
9518,857143;168;0;0;0
9518,957143;170;0;0;0
9519,057143;184;0;0;0
9519,157143;181;0;0;0
9519,257143;183;0;0;0
9519,357143;187;0;0;0
9519,457143;203;0;0;0
9519,557143;174;0;0;0
9519,657143;217;0;0;0
9519,757143;187;0;0;0
9519,857143;201;0;0;0
9519,957143;166;0;0;0
9520,057143;150;0;0;0
9520,157143;167;0;0;0
9520,257143;173;0;0;0
9520,357143;189;0;0;0
9520,457143;249;0;0;0
9520,557143;191;0;0;0
9520,657143;211;0;0;0
9520,757143;173;0;0;0
9520,857143;190;0;0;0
9520,957143;179;0;0;0
9521,057143;172;0;0;0
9521,157143;171;0;0;0
9521,257143;158;0;0;0
9521,357143;161;0;0;0
9521,457143;173;0;0;0
9521,557143;181;0;0;0
9521,657143;147;0;0;0
9521,757143;128;0;0;0
9521,857143;171;0;0;0
9521,957143;144;0;0;0
9522,057143;112;0;0;0
9522,157143;155;0;0;0
9522,257143;153;0;0;0
9522,357143;139;0;0;0
9522,457143;182;0;0;0
9522,557143;80;0;0;0
9522,657143;241;0;0;0
9522,757143;142;0;0;0
9522,857143;61;0;0;0
9522,957143;93;0;0;0
9523,057143;153;0;0;0
9523,157143;138;0;0;0
9523,257143;107;0;0;0
9523,357143;89;0;0;0
9523,457143;102;0;0;0
9523,557143;111;0;0;0
9523,657143;127;0;0;0
9523,757143;105;0;0;0
9523,857143;105;0;0;0
9523,957143;92;0;0;0
9524,057143;112;0;0;0
9524,157143;65;0;0;0
9524,257143;127;0;0;0
9524,357143;107;0;0;0
9524,457143;88;0;0;0
9524,557143;66;0;0;0
9524,657143;64;0;0;0
9524,757143;44;0;0;0
9524,857143;105;0;0;0
9524,957143;85;0;0;0
9525,057143;41;0;0;0
9525,157143;96;0;0;0
9525,257143;90;0;0;0
9525,357143;90;0;0;0
9525,457143;58;0;0;0
9525,557143;174;0;0;0
9525,657143;104;0;0;0
9525,757143;59;0;0;0
9525,857143;44;0;0;0
9525,957143;34;0;0;0
9526,057143;29;0;0;0
9526,157143;27;0;0;0
9526,257143;29;0;0;0
9526,357143;11;0;0;0
9526,457143;122;0;0;0
9526,557143;185;0;0;0
9526,657143;22;0;0;0
9526,757143;52;0;0;0
9526,857143;2;0;0;0
9527,057143;66;0;0;0
9527,157143;41;0;0;0
9527,257143;51;0;0;0
9527,357143;14;0;0;0
9527,457143;23;0;0;0
9527,557143;16;0;0;0
9527,857143;19;0;0;0
9528,357143;103;0;0;0
9547,6;0;1;0;0
9547,7;0;2;0;0
9547,8;0;1;0;0
9547,9;0;1;0;0
9548,4;0;3;0;0
9548,5;0;3;0;0
9548,8;0;2;0;0
9549;0;1;0;0
9549,3;0;1;0;0
9549,4;0;1;0;0
9549,5;0;1;0;0
9549,6;0;2;0;0
9549,8;0;2;0;0
9550;0;1;0;0
9551;0;1;0;0
9551,1;0;1;0;0
9551,3;0;1;0;0
9552,9;0;1;0;0
9872,2;1;0;0;0
9872,4;2;0;0;0
9872,7;2;0;0;0
9872,8;1;0;0;0
9872,9;5;0;0;0
9873;7;0;0;0
9873,1;4;0;0;0
9873,2;5;0;0;0
9873,3;4;0;0;0
9873,4;6;0;0;0
9873,5;8;0;0;0
9873,6;15;0;0;0
9873,7;12;0;0;0
9873,8;28;0;0;0
9873,9;21;0;0;0
9874;18;0;0;0
9874,1;25;0;0;0
9874,2;32;0;0;0
9874,3;44;0;0;0
9874,4;46;0;0;0
9874,5;81;0;0;0
9874,6;40;0;0;0
9874,7;58;0;0;0
9874,8;61;0;0;0
9874,9;62;0;0;0
9875;77;0;0;0
9875,1;63;0;0;0
9875,2;87;0;0;0
9875,3;59;0;0;0
9875,4;119;0;0;0
9875,5;45;0;0;0
9875,6;64;0;0;0
9875,7;51;0;0;0
9875,8;57;0;0;0
9875,9;90;0;0;0
9876;89;0;0;0
9876,1;88;0;0;0
9876,2;101;0;0;0
9876,3;113;0;0;0
9876,4;77;0;0;0
9876,5;77;0;0;0
9876,6;51;0;0;0
9876,7;83;0;0;0
9876,8;78;0;0;0
9876,9;52;0;0;0
9877;72;0;0;0
9877,1;51;0;0;0
9877,2;112;0;0;0
9877,3;56;0;0;0
9877,4;51;0;0;0
9877,5;55;0;0;0
9877,6;141;0;0;0
9877,7;36;0;0;0
9877,8;44;0;0;0
9877,9;84;0;0;0
9878;90;0;0;0
9878,1;60;0;0;0
9878,2;23;0;0;0
9878,3;47;0;0;0
9878,4;70;0;0;0
9878,5;107;0;0;0
9878,6;40;0;0;0
9878,7;8;0;0;0
9878,8;118;0;0;0
9878,9;33;0;0;0
9879;18;0;0;0
9879,1;9;0;0;0
9879,2;97;0;0;0
9879,3;37;0;0;0
9879,4;65;0;0;0
9879,5;9;0;0;0
9879,7;5;0;0;0
9879,8;11;0;0;0
9880,1;45;0;0;0
9880,3;5;0;0;0
9880,5;6;0;0;0
9880,6;24;0;0;0
9881;11;0;0;0
9881,9;0;0;0;600
